131,2022-08-01 10:41:32.034384,2022-08-01 10:41:32.034384,10000,1063359886,150,–ù–∞—á–∞–ª—å–Ω—ã–π –±–∞–ª–∞–Ω—Å,"",1,0
132,2022-08-01 10:41:32.034384,2022-08-01 10:41:32.034384,10000,1074769463,150,–ù–∞—á–∞–ª—å–Ω—ã–π –±–∞–ª–∞–Ω—Å,"",1,0
133,2022-08-01 10:41:32.034384,2022-08-01 10:41:32.034384,10000,1087968824,150,–ù–∞—á–∞–ª—å–Ω—ã–π –±–∞–ª–∞–Ω—Å,"",1,0
134,2022-08-01 10:41:32.034384,2022-08-01 10:41:32.034384,10000,110583462,150,–ù–∞—á–∞–ª—å–Ω—ã–π –±–∞–ª–∞–Ω—Å,"",1,0
135,2022-08-01 10:41:32.034384,2022-08-01 10:41:32.034384,10000,114324829,150,–ù–∞—á–∞–ª—å–Ω—ã–π –±–∞–ª–∞–Ω—Å,"",1,0
136,2022-08-01 10:41:32.034384,2022-08-01 10:41:32.034384,10000,1209525012,150,–ù–∞—á–∞–ª—å–Ω—ã–π –±–∞–ª–∞–Ω—Å,"",1,0
137,2022-08-01 10:41:32.034384,2022-08-01 10:41:32.034384,10000,1224139005,150,–ù–∞—á–∞–ª—å–Ω—ã–π –±–∞–ª–∞–Ω—Å,"",1,0
138,2022-08-01 10:41:32.034384,2022-08-01 10:41:32.034384,10000,1311582682,150,–ù–∞—á–∞–ª—å–Ω—ã–π –±–∞–ª–∞–Ω—Å,"",1,0
139,2022-08-01 10:41:32.034384,2022-08-01 10:41:32.034384,10000,1313393557,150,–ù–∞—á–∞–ª—å–Ω—ã–π –±–∞–ª–∞–Ω—Å,"",1,0
140,2022-08-01 10:41:32.034384,2022-08-01 10:41:32.034384,10000,1325698316,150,–ù–∞—á–∞–ª—å–Ω—ã–π –±–∞–ª–∞–Ω—Å,"",1,0
141,2022-08-01 10:41:32.034384,2022-08-01 10:41:32.034384,10000,1341009238,150,–ù–∞—á–∞–ª—å–Ω—ã–π –±–∞–ª–∞–Ω—Å,"",1,0
142,2022-08-01 10:41:32.034384,2022-08-01 10:41:32.034384,10000,1341062023,150,–ù–∞—á–∞–ª—å–Ω—ã–π –±–∞–ª–∞–Ω—Å,"",1,0
143,2022-08-01 10:41:32.034384,2022-08-01 10:41:32.034384,10000,1376939445,150,–ù–∞—á–∞–ª—å–Ω—ã–π –±–∞–ª–∞–Ω—Å,"",1,0
144,2022-08-01 10:41:32.034384,2022-08-01 10:41:32.034384,10000,1388566045,150,–ù–∞—á–∞–ª—å–Ω—ã–π –±–∞–ª–∞–Ω—Å,"",1,0
145,2022-08-01 10:41:32.034384,2022-08-01 10:41:32.034384,10000,1392974853,150,–ù–∞—á–∞–ª—å–Ω—ã–π –±–∞–ª–∞–Ω—Å,"",1,0
146,2022-08-01 10:41:32.034384,2022-08-01 10:41:32.034384,10000,1428658405,150,–ù–∞—á–∞–ª—å–Ω—ã–π –±–∞–ª–∞–Ω—Å,"",1,0
147,2022-08-01 10:41:32.034384,2022-08-01 10:41:32.034384,10000,148785954,150,–ù–∞—á–∞–ª—å–Ω—ã–π –±–∞–ª–∞–Ω—Å,"",1,0
148,2022-08-01 10:41:32.034384,2022-08-01 10:41:32.034384,10000,158228883,150,–ù–∞—á–∞–ª—å–Ω—ã–π –±–∞–ª–∞–Ω—Å,"",1,0
149,2022-08-01 10:41:32.034384,2022-08-01 10:41:32.034384,10000,1702569497,150,–ù–∞—á–∞–ª—å–Ω—ã–π –±–∞–ª–∞–Ω—Å,"",1,0
150,2022-08-01 10:41:32.034384,2022-08-01 10:41:32.034384,10000,1715179158,150,–ù–∞—á–∞–ª—å–Ω—ã–π –±–∞–ª–∞–Ω—Å,"",1,0
151,2022-08-01 10:41:32.034384,2022-08-01 10:41:32.034384,10000,1717379535,150,–ù–∞—á–∞–ª—å–Ω—ã–π –±–∞–ª–∞–Ω—Å,"",1,0
152,2022-08-01 10:41:32.034384,2022-08-01 10:41:32.034384,10000,1772188053,150,–ù–∞—á–∞–ª—å–Ω—ã–π –±–∞–ª–∞–Ω—Å,"",1,0
153,2022-08-01 10:41:32.034384,2022-08-01 10:41:32.034384,10000,183417405,150,–ù–∞—á–∞–ª—å–Ω—ã–π –±–∞–ª–∞–Ω—Å,"",1,0
154,2022-08-01 10:41:32.034384,2022-08-01 10:41:32.034384,10000,1842182696,150,–ù–∞—á–∞–ª—å–Ω—ã–π –±–∞–ª–∞–Ω—Å,"",1,0
155,2022-08-01 10:41:32.034384,2022-08-01 10:41:32.034384,10000,1845327752,150,–ù–∞—á–∞–ª—å–Ω—ã–π –±–∞–ª–∞–Ω—Å,"",1,0
156,2022-08-01 10:41:32.034384,2022-08-01 10:41:32.034384,10000,1870005647,150,–ù–∞—á–∞–ª—å–Ω—ã–π –±–∞–ª–∞–Ω—Å,"",1,0
157,2022-08-01 10:41:32.034384,2022-08-01 10:41:32.034384,10000,1882444044,150,–ù–∞—á–∞–ª—å–Ω—ã–π –±–∞–ª–∞–Ω—Å,"",1,0
158,2022-08-01 10:41:32.034384,2022-08-01 10:41:32.034384,10000,188416619,150,–ù–∞—á–∞–ª—å–Ω—ã–π –±–∞–ª–∞–Ω—Å,"",1,0
159,2022-08-01 10:41:32.034384,2022-08-01 10:41:32.034384,10000,1927276117,150,–ù–∞—á–∞–ª—å–Ω—ã–π –±–∞–ª–∞–Ω—Å,"",1,0
160,2022-08-01 10:41:32.034384,2022-08-01 10:41:32.034384,10000,208371888,150,–ù–∞—á–∞–ª—å–Ω—ã–π –±–∞–ª–∞–Ω—Å,"",1,0
161,2022-08-01 10:41:32.034384,2022-08-01 10:41:32.034384,10000,245130821,150,–ù–∞—á–∞–ª—å–Ω—ã–π –±–∞–ª–∞–Ω—Å,"",1,0
162,2022-08-01 10:41:32.034384,2022-08-01 10:41:32.034384,10000,2646564,150,–ù–∞—á–∞–ª—å–Ω—ã–π –±–∞–ª–∞–Ω—Å,"",1,0
163,2022-08-01 10:41:32.034384,2022-08-01 10:41:32.034384,10000,302337090,150,–ù–∞—á–∞–ª—å–Ω—ã–π –±–∞–ª–∞–Ω—Å,"",1,0
164,2022-08-01 10:41:32.034384,2022-08-01 10:41:32.034384,10000,381259684,150,–ù–∞—á–∞–ª—å–Ω—ã–π –±–∞–ª–∞–Ω—Å,"",1,0
165,2022-08-01 10:41:32.034384,2022-08-01 10:41:32.034384,10000,391502494,150,–ù–∞—á–∞–ª—å–Ω—ã–π –±–∞–ª–∞–Ω—Å,"",1,0
166,2022-08-01 10:41:32.034384,2022-08-01 10:41:32.034384,10000,393389145,150,–ù–∞—á–∞–ª—å–Ω—ã–π –±–∞–ª–∞–Ω—Å,"",1,0
167,2022-08-01 10:41:32.034384,2022-08-01 10:41:32.034384,10000,39867262,150,–ù–∞—á–∞–ª—å–Ω—ã–π –±–∞–ª–∞–Ω—Å,"",1,0
168,2022-08-01 10:41:32.034384,2022-08-01 10:41:32.034384,10000,436315762,150,–ù–∞—á–∞–ª—å–Ω—ã–π –±–∞–ª–∞–Ω—Å,"",1,0
169,2022-08-01 10:41:32.034384,2022-08-01 10:41:32.034384,10000,437599716,150,–ù–∞—á–∞–ª—å–Ω—ã–π –±–∞–ª–∞–Ω—Å,"",1,0
170,2022-08-01 10:41:32.034384,2022-08-01 10:41:32.034384,10000,443075293,150,–ù–∞—á–∞–ª—å–Ω—ã–π –±–∞–ª–∞–Ω—Å,"",1,0
171,2022-08-01 10:41:32.034384,2022-08-01 10:41:32.034384,10000,445562463,150,–ù–∞—á–∞–ª—å–Ω—ã–π –±–∞–ª–∞–Ω—Å,"",1,0
172,2022-08-01 10:41:32.034384,2022-08-01 10:41:32.034384,10000,449902679,150,–ù–∞—á–∞–ª—å–Ω—ã–π –±–∞–ª–∞–Ω—Å,"",1,0
173,2022-08-01 10:41:32.034384,2022-08-01 10:41:32.034384,10000,458926263,150,–ù–∞—á–∞–ª—å–Ω—ã–π –±–∞–ª–∞–Ω—Å,"",1,0
174,2022-08-01 10:41:32.034384,2022-08-01 10:41:32.034384,10000,5015739997,150,–ù–∞—á–∞–ª—å–Ω—ã–π –±–∞–ª–∞–Ω—Å,"",1,0
175,2022-08-01 10:41:32.034384,2022-08-01 10:41:32.034384,10000,5157113683,150,–ù–∞—á–∞–ª—å–Ω—ã–π –±–∞–ª–∞–Ω—Å,"",1,0
176,2022-08-01 10:41:32.034384,2022-08-01 10:41:32.034384,10000,5178312018,150,–ù–∞—á–∞–ª—å–Ω—ã–π –±–∞–ª–∞–Ω—Å,"",1,0
177,2022-08-01 10:41:32.034384,2022-08-01 10:41:32.034384,10000,5186164225,150,–ù–∞—á–∞–ª—å–Ω—ã–π –±–∞–ª–∞–Ω—Å,"",1,0
178,2022-08-01 10:41:32.034384,2022-08-01 10:41:32.034384,10000,5196290274,150,–ù–∞—á–∞–ª—å–Ω—ã–π –±–∞–ª–∞–Ω—Å,"",1,0
179,2022-08-01 10:41:32.034384,2022-08-01 10:41:32.034384,10000,5291953238,150,–ù–∞—á–∞–ª—å–Ω—ã–π –±–∞–ª–∞–Ω—Å,"",1,0
180,2022-08-01 10:41:32.034384,2022-08-01 10:41:32.034384,10000,545856517,150,–ù–∞—á–∞–ª—å–Ω—ã–π –±–∞–ª–∞–Ω—Å,"",1,0
181,2022-08-01 10:41:32.034384,2022-08-01 10:41:32.034384,10000,552167261,150,–ù–∞—á–∞–ª—å–Ω—ã–π –±–∞–ª–∞–Ω—Å,"",1,0
182,2022-08-01 10:41:32.034384,2022-08-01 10:41:32.034384,10000,638304916,150,–ù–∞—á–∞–ª—å–Ω—ã–π –±–∞–ª–∞–Ω—Å,"",1,0
183,2022-08-01 10:41:32.034384,2022-08-01 10:41:32.034384,10000,670211290,150,–ù–∞—á–∞–ª—å–Ω—ã–π –±–∞–ª–∞–Ω—Å,"",1,0
184,2022-08-01 10:41:32.034384,2022-08-01 10:41:32.034384,10000,705221157,150,–ù–∞—á–∞–ª—å–Ω—ã–π –±–∞–ª–∞–Ω—Å,"",1,0
185,2022-08-01 10:41:32.034384,2022-08-01 10:41:32.034384,10000,709834386,150,–ù–∞—á–∞–ª—å–Ω—ã–π –±–∞–ª–∞–Ω—Å,"",1,0
186,2022-08-01 10:41:32.034384,2022-08-01 10:41:32.034384,10000,729859760,150,–ù–∞—á–∞–ª—å–Ω—ã–π –±–∞–ª–∞–Ω—Å,"",1,0
187,2022-08-01 10:41:32.034384,2022-08-01 10:41:32.034384,10000,737861419,150,–ù–∞—á–∞–ª—å–Ω—ã–π –±–∞–ª–∞–Ω—Å,"",1,0
189,2022-08-01 10:41:32.034384,2022-08-01 10:41:32.034384,10000,801809240,150,–ù–∞—á–∞–ª—å–Ω—ã–π –±–∞–ª–∞–Ω—Å,"",1,0
190,2022-08-01 10:41:32.034384,2022-08-01 10:41:32.034384,10000,820646247,150,–ù–∞—á–∞–ª—å–Ω—ã–π –±–∞–ª–∞–Ω—Å,"",1,0
191,2022-08-01 10:41:32.034384,2022-08-01 10:41:32.034384,10000,843059374,150,–ù–∞—á–∞–ª—å–Ω—ã–π –±–∞–ª–∞–Ω—Å,"",1,0
192,2022-08-01 10:41:32.034384,2022-08-01 10:41:32.034384,10000,87797205,150,–ù–∞—á–∞–ª—å–Ω—ã–π –±–∞–ª–∞–Ω—Å,"",1,0
193,2022-08-01 10:41:32.034384,2022-08-01 10:41:32.034384,10000,980177263,150,–ù–∞—á–∞–ª—å–Ω—ã–π –±–∞–ª–∞–Ω—Å,"",1,0
194,2022-08-01 10:41:32.034384,2022-08-01 10:41:32.034384,10000,980900767,150,–ù–∞—á–∞–ª—å–Ω—ã–π –±–∞–ª–∞–Ω—Å,"",1,0
197,2022-08-02 12:41:45.692221,2022-08-02 12:41:45.692221,10000,5120778705,150,–ù–∞—á–∞–ª—å–Ω—ã–π –±–∞–ª–∞–Ω—Å,"",1,1
198,2022-08-02 19:50:55.975001,2022-08-03 01:11:35.601717,188416619,5015739997,32,for not fired üî•,"",1,0
199,2022-08-03 01:12:06.131891,2022-08-03 03:13:00.004123,1715179158,114324829,100,test transaction,"",1,0
200,2022-08-03 10:47:19.021068,2022-08-03 12:48:00.002784,980900767,1341062023,10,"–ó–∞ –ø–æ–º–æ—â—å –≤ –ø—Ä–æ–µ–∫—Ç–µ ""–¶–∏—Ñ—Ä–æ–≤–æ–µ —Å–ø–∞—Å–∏–±–æ""","",1,0
201,2022-08-03 14:00:49.086907,2022-08-03 16:01:00.002721,188416619,5015739997,10,test,"",1,1
202,2022-08-03 15:53:28.610042,2022-08-03 17:54:00.002559,1882444044,1392974853,10,–∑–∞ –ø–æ–º–æ—â—å —Å –æ—Ä–≥–∞–Ω–∏–∑–∞—Ü–∏–µ–π –≤–æ–∑–≤—Ä–∞—Ç–∞ –¥–æ–∫—É–º–µ–Ω—Ç–æ–≤ –ø–æ –ì—É–ª–∏–Ω—É. –ù–µ—Å–º–æ—Ç—Ä—è –Ω–∞ —Å–ª–æ–∂–Ω–æ—Å—Ç—å —Ö–∞—Ä–∞–∫—Ç–µ—Ä–∞ –î–∏–∞–Ω–∞ —Å –ª–µ–≥–∫–æ—Å—Ç—å—é –∑–∞–∫—Ä—ã–ª–∞ –≤–æ–ø—Ä–æ—Å)) –°–ø–∞—Å–∏–±–æ!!,"",1,0
203,2022-08-03 15:54:25.939145,2022-08-03 17:55:00.005201,1882444044,158228883,3,–∑–∞ —â–µ–¥—Ä–æ–µ –±–∞–ª–æ–≤—Å—Ç–≤–æ –∫–æ–ª–ª–µ–≥) –û—Ç–¥–æ—Ö–Ω—É–ª –∏ –Ω–∞–∫–æ—Ä–º–∏–ª —Ç–æ–≤–∞—Ä–∏—â–µ–π –≤–∫—É—Å–Ω—è—à–∫–∞–º–∏. –ü—Ä–∏—è—Ç–Ω–æ,"",1,0
204,2022-08-03 17:39:39.858695,2022-08-03 19:40:00.002661,1882444044,552167261,3,–∑–∞ –±–¥–∏—Ç–µ–ª—å–Ω–æ—Å—Ç—å) –∏ –ø–æ–∏—Å–∫ —Ö–æ—Ä–æ—à–∏—Ö —Ä–µ–∫—Ä—É—Ç–µ—Ä–æ–≤,"",1,0
205,2022-08-03 17:41:40.780571,2022-08-03 19:42:00.002664,1882444044,5157113683,1,–∑–∞ –Ω–∞—Ä–µ–∑–∞–Ω–Ω—ã–π –∞—Ä–±—É–∑. –Ø –¥–≤–∞ –¥–Ω—è —Å–º–æ—Ç—Ä–µ–ª–∞ –∏ –º–µ—á—Ç–∞–ª–∞ –µ–≥–æ —Å—ä–µ—Å—Ç—å. –ó–∞–±–æ—Ç–∞ —ç—Ç–æ –≤–∞–∂–Ω–æ!,"",1,0
206,2022-08-03 17:54:15.378272,2022-08-03 19:55:00.002671,1341062023,980900767,15,–ó–∞ –æ—Ç–≤–µ—Ç—Å—Ç–≤–µ–Ω–Ω—É—é —Ä–∞–±–æ—Ç—É –Ω–∞ –≤—ã—Å—Ç–∞–≤–∫–∞—Ö –≤ –ö–æ—Ä–µ–µ,"",1,0
207,2022-08-04 09:31:13.504748,2022-08-04 11:32:00.002615,1341062023,302337090,10,–ó–∞ –ø—Ä–æ–∞–∫—Ç–∏–≤–Ω–æ—Å—Ç—å,"",1,0
208,2022-08-04 09:44:11.097450,2022-08-04 11:45:00.002194,302337090,1341062023,20,—Å–ø–∞—Å–∏–±–æ –∑–∞ –≤—Å—Ç—Ä–µ—á—É –∞—ç—Ä–æ–ø–æ—Ä—Ç–∞,"",1,0
209,2022-08-04 11:47:52.779647,2022-08-04 13:48:00.002645,5157113683,980900767,30,–∑–∞ –ø–æ–¥–∞—Ä–æ—á–∫–∏ –∏ —Å—É–≤–µ–Ω–∏—Ä—ã –∏–∑ –ö–æ—Ä–µ–∏ –¥–ª—è –º–µ–Ω—è –∏ –º–æ–µ–π –º–∞–º—ã. –ë–æ–ª—å—à–æ–µ —Å–ø–∞—Å–∏–±–æ!,"",1,0
210,2022-08-04 11:50:51.770898,2022-08-04 13:51:00.002649,5157113683,1376939445,80,"–∑–∞ –≤–æ–∑–º–æ–∂–Ω–æ—Å—Ç—å —Ä–∞–±–æ—Ç–∞—Ç—å –≤ —Å–µ–º—å–µ TeamForce, –Ω–∞—Å—Ç–∞–≤–Ω–∏—á–µ—Å—Ç–≤–æ, –ø–æ–º–æ—â—å –≤ —Ä–∞–±–æ—Ç–µ.","",1,0
211,2022-08-04 15:33:24.134113,2022-08-04 17:34:00.002710,1882444044,709834386,15,–∑–∞ –æ–∫–∞–∑–∞–Ω–∏–µ –º–µ–¥–∏—Ü–∏–Ω—Å–∫–æ–π –ø–æ–º–æ—â–∏ –∫–æ–ª–ª–µ–≥–µ,"",1,0
212,2022-08-04 15:34:13.927639,2022-08-04 17:35:00.003956,1882444044,1842182696,7,–∑–∞ –æ–ø–µ—Ä–∞—Ç–∏–≤–Ω—É—é –ø–æ–¥–≥–æ—Ç–æ–≤–∫—É –¥–æ–∫—É–º–µ–Ω—Ç–æ–≤ –ø–æ —Å—Ä–æ—á–Ω–æ–º—É –ø—Ä–æ–µ–∫—Ç—É —Å –°–ò–ì–ú–û–ô,"",1,0
213,2022-08-04 15:35:04.072457,2022-08-04 17:36:00.003351,1882444044,705221157,15,–∑–∞ –≤–æ–∑–º–æ–∂–Ω–æ—Å—Ç—å –ø–æ–ª—å–∑–æ–≤–∞—Ç—å—Å—è —Å–≤–æ–µ–π –ø–æ—á—Ç–æ–π –≤ —Ä–∞–±–æ—á–∏—Ö —Ü–µ–ª—è—Ö)) –í—ã—Ö–æ–¥–∞ –Ω–µ –±—ã–ª–æ . –î–ª—è –¥–æ–≥–æ–≤–æ—Ä–∞ –±–æ–ª—å—à–µ –Ω–µ–∫–æ–≥–æ –±—ã–ª–æ —É–∫–∞–∑–∞—Ç—å —Å –≤–æ–∑–º–æ–∂–Ω–æ—Å—Ç—å—é –æ—Ç–ø—Ä–∞–≤–ª—è—Ç—å –ø–∏—Å—å–º–∞,"",1,0
214,2022-08-04 15:35:33.018509,2022-08-04 17:36:00.191114,1882444044,705221157,5,–∑–∞ –æ—á–µ—Ä–µ–¥–Ω–æ–µ –≤–Ω–µ–ø–ª–∞–Ω–æ–≤–æ–µ –ø–µ—Ä–µ–æ—Ñ–æ—Ä–º–ª–µ–Ω–∏–µ –¥–æ–∫—É–º–µ–Ω—Ç–æ–≤ –ø–æ –ü–ì–ö ü§¶‚Äç‚ôÄÔ∏è,"",1,0
215,2022-08-04 15:36:13.425756,2022-08-04 17:37:00.003288,1882444044,437599716,10,–∑–∞ –±—ã—Å—Ç—Ä–æ–µ —Ä–∞–∑—Ä–µ—à–µ–Ω–∏–µ –Ω–∞—à–∏—Ö —Ç–µ—Ö–Ω–∏—á–µ—Å–∫–∏—Ö –ø—Ä–æ–±–ª–µ–º.,"",1,0
216,2022-08-04 16:34:55.859929,2022-08-04 18:35:00.002653,1870005647,801809240,5,–ó–∞ –ø–æ–º–æ—â—å —Å –†–°–•–ë :),"",1,0
217,2022-08-04 17:14:11.748526,2022-08-04 19:15:00.002627,1882444044,980900767,10,–∑–∞ –∑–∞–∫–∞–∑ –ø—Ä–æ–ø—É—Å–∫–æ–≤ –Ω–∞ –≤—Ä–µ–º—è –æ—Ç—Å—É—Ç—Å—Ç–≤–∏—è –î–µ–Ω–∏—Å–∞ ( –∫–æ—Ç–æ—Ä—ã–π –º–µ–∂–¥—É –ø—Ä–æ—á–∏–º –Ω–∏–∫–æ–º—É –Ω–µ –¥–µ–ª–µ–≥–∏—Ä–æ–≤–∞–ª —ç—Ç—É —Ñ—É–Ω–∫—Ü–∏—é),"",1,0
218,2022-08-04 17:15:03.958106,2022-08-04 19:16:00.003320,1882444044,980900767,5,–∑–∞ —Å–µ—Ä–≤–∏—Ä–æ–≤–∫—É —Ñ—Ä—É–∫—Ç–æ–≤ –≤ –∫–∞–±–∏–Ω–µ—Ç–µ . –û—á–µ–Ω—å –ø—Ä–∏—è—Ç–Ω–æ,"",1,0
219,2022-08-05 10:47:42.234861,2022-08-05 12:48:00.002687,245130821,393389145,10,–∑–∞ –ø–æ–º–æ—â—å –≤ –ø—Ä–∏–µ–º–µ –¥–æ—Å—Ç–∞–≤–∫–∏,"",1,0
220,2022-08-07 00:10:34.423644,2022-08-07 02:11:00.002530,801809240,638304916,30,–∑–∞ –ø–æ–º–æ—â—å –≤ —Å–æ–∑–¥–∞–Ω–∏–∏ —Ç–∞–±–ª–∏—á–µ–∫ –¥–ª—è –•–•,"",1,0
221,2022-08-08 09:19:10.360067,2022-08-08 11:20:00.002566,302337090,1772188053,15,—Å–ø–∞—Å–∏–±–æ –∑–∞ –ø–æ–º–æ—â—å —Å –¥–æ–≤–µ—Ä–µ–Ω–Ω–æ—Å—Ç—è–º–∏,"",1,0
222,2022-08-08 12:09:40.284822,2022-08-08 14:10:00.002732,820646247,1882444044,15,–° –¥–Ω–µ–º —Ä–æ–∂–¥–µ–Ω–∏—è! –í—Å–µ–≥–æ —Å–∞–º–æ–≥–æ –≤–æ–ª—à–µ–±–Ω–æ–≥–æ ‚ú®,"",1,0
223,2022-08-08 12:09:54.826293,2022-08-08 14:10:00.238399,820646247,1392974853,15,–° –¥–Ω–µ–º —Ä–æ–∂–¥–µ–Ω–∏—è! –í—Å–µ–≥–æ —Å–∞–º–æ–≥–æ –≤–æ–ª—à–µ–±–Ω–æ–≥–æ ‚ú®,"",1,0
224,2022-08-08 12:11:27.533005,2022-08-08 14:12:00.002696,980900767,302337090,10,–∑–∞ –ø–æ–¥–≥–æ—Ç–æ–≤–∫—É –¥–æ–∫—É–º–µ–Ω—Ç–æ–≤ –¥–ª—è –ù–æ–≤–∞—Ç–æ—Ä–∞,"",1,0
225,2022-08-08 13:08:21.419222,2022-08-08 15:09:00.002639,980900767,302337090,10,–ó–∞ –ø–æ–¥–∞—Ä–æ—á–∫–∏),"",1,0
226,2022-08-08 15:13:36.766237,2022-08-08 17:14:00.002661,302337090,980900767,20,–∑–∞ –ø–æ–¥–∞—Ä–∫–∏ üéÅ,"",1,0
227,2022-08-09 10:07:56.379398,2022-08-09 12:08:00.002681,1882444044,158228883,5,–∑–∞ —É—á–∞—Å—Ç–∏–µ –≤ –ø–æ–¥–≥–æ—Ç–æ–≤–∫–µ –∫ –∫–æ–Ω–∫—É—Ä—Å–∞–º –¥–∞–∂–µ –≤ –æ—Ç–ø—É—Å–∫–µ,"",1,0
228,2022-08-09 10:10:47.865684,2022-08-09 12:11:00.002906,1882444044,1224139005,10,–∑–∞ –ø–æ–ª–Ω—É—é –æ—Ç–¥–∞—á—É —Ä–∞–±–æ—Ç–µ –∏ –≤–æ–≤–ª–µ—á–µ–Ω–Ω–æ—Å—Ç—å (–∏ —Ç–µ–º–ø–µ—Ä–∞—Ç—É—Ä–∞ –Ω–µ –ø–æ–º–µ—Ö–∞ üí™),"",1,0
229,2022-08-09 10:13:00.394861,2022-08-09 12:14:00.002740,1882444044,980900767,7,–∑–∞ –ø–æ–¥–≥–æ—Ç–æ–≤–∫—É –∫—Ä—É—Ç—ã—Ö –ø–æ–¥–∞—Ä–∫–æ–≤ –∏–º–µ–Ω–∏–Ω–Ω–∏–∫–∞–º. –†–∞–Ω—å—à–µ –æ —Ç–∞–∫–æ–º –∏ –Ω–µ –º–µ—á—Ç–∞–ª–∏ –º—ã.,"",1,0
230,2022-08-09 17:44:11.025347,2022-08-09 19:45:00.002645,5157113683,980177263,20,–∑–∞ –º–µ–¥–∏—Ü–∏–Ω—Å–∫—É—é –ø–æ–º–æ—â—å,"",1,0
231,2022-08-09 17:44:34.755799,2022-08-09 19:45:00.377408,5157113683,1882444044,20,–∑–∞ –º–µ–¥–∏—Ü–∏–Ω—Å–∫—É—é –ø–æ–º–æ—â—å,"",1,0
232,2022-08-10 23:07:43.822725,2022-08-11 01:08:00.002703,245130821,552167261,10,–ó–∞ –ø–æ–º–æ—â—å –≤ –ø–µ—Ä–µ–¥–∞—á–µ –Ω–æ—É—Ç–±—É–∫–∞,"",1,0
233,2022-08-11 15:25:04.774993,2022-08-11 17:26:00.003069,1882444044,1717379535,20,–∑–∞ –ø–æ–º–æ—â—å –≤ –≤–µ–¥–µ–Ω–∏–∏ –∫–∞–Ω–∞–ª–∞,"",1,0
234,2022-08-11 15:25:55.136896,2022-08-11 17:26:00.236040,1882444044,820646247,20,–∑–∞ –ø–æ–º–æ—â—å –∏ –∫–æ–Ω—Å—É–ª—å—Ç–∞—Ü–∏—é –ø–æ –Ω–µ–ø—Ä–æ—Ñ–∏–ª—å–Ω—ã–º –≤–æ–ø—Ä–æ—Å–∞–º,"",1,0
235,2022-08-11 15:27:48.227746,2022-08-11 17:28:00.003942,1882444044,843059374,10,–∑–∞ –≤–æ–∑–º–æ–∂–Ω–æ—Å—Ç—å –ø—Ä–æ–±–æ–≤–∞—Ç—å –Ω–æ–≤–æ–µ –∏ —Ä–∞–∑–≤–∏–≤–∞—Ç—å—Å—è,"",1,0
236,2022-08-11 15:29:08.045882,2022-08-11 17:30:00.002667,1882444044,148785954,10,"–∑–∞ –≤–æ–∑–º–æ–∂–Ω–æ—Å—Ç—å —Ä–∞–∑–≤–∏–≤–∞—Ç—å—Å—è, –∑–∞ –º–æ—Ç–∏–≤–∞—Ü–∏—é .–ó–∞ –¥–æ–≤–µ—Ä–∏–µ","",1,0
237,2022-08-11 15:31:22.692221,2022-08-11 17:32:00.002754,1882444044,705221157,5,"–∑–∞ –ø–æ–º–æ—â—å –ø–æ –≤–æ–ø—Ä–æ—Å–∞–º, –≥–¥–µ —è –Ω–∏—á–µ–≥–æ –Ω–µ —Å–º—ã—Å–ª—é . –ë–æ–ª—å—à–µ –∏–Ω—Ñ–æ—Ä–º–∞—Ü–∏–∏, –º–µ–Ω—å—à–µ –æ—à–∏–±–æ–∫ —É –º–µ–Ω—è , –∞ —Å–æ–æ—Ç–≤–µ—Ç—Å—Ç–≤–µ–Ω–Ω–æ –∏ –¥–ª—è –Ω–∞—Å)","",1,0
238,2022-08-11 15:34:01.932825,2022-08-11 17:35:00.002893,1882444044,1325698316,5,–∑–∞ –ø–æ–∑–∏—Ç–∏–≤ –∏ –≤–∫—É—Å–Ω—è—à–∫–∏. –û—Ç–ª–∏—á–Ω–∞—è –±–∞–∑–∞ –¥–ª—è —Ä–∞–¥–æ—Å—Ç–Ω–æ–π —Ä–∞–±–æ—Ç—ã!,"",1,0
241,2022-08-12 16:07:19.692221,2022-08-12 16:07:19.692221,10000,36902834,150,–ù–∞—á–∞–ª—å–Ω—ã–π –±–∞–ª–∞–Ω—Å,"",1,1
242,2022-08-12 16:08:24.692226,2022-08-12 16:08:24.692221,10000,381259684,150,–ù–∞—á–∞–ª—å–Ω—ã–π –±–∞–ª–∞–Ω—Å,"",1,1
243,2022-08-15 10:07:20.084293,2022-08-15 12:08:00.002733,5015739997,1715179158,1,Test —á–µ—Ä–µ–∑ webapp,"",1,1
244,2022-08-15 10:07:22.445109,2022-08-15 12:08:00.223111,5015739997,1715179158,1,Test —á–µ—Ä–µ–∑ webapp,"",1,1
245,2022-08-15 10:15:30.301902,2022-08-15 12:16:00.002736,5015739997,188416619,10,Deployment test,"",1,1
246,2022-08-15 10:48:41.635790,2022-08-15 12:49:00.002756,1341062023,1313393557,20,–ó–∞ –∞–∫—Ç–∏–≤–Ω—É—é –ø–æ–∑–∏—Ü–∏—é –ø—Ä–∏ —Ä–µ–∞–ª–∏–∑–∞—Ü–∏–∏ –ø—Ä–æ–µ–∫—Ç–∞ –¶–°,"",1,1
247,2022-08-15 12:04:34.292531,2022-08-15 14:05:00.002789,1376939445,1341062023,20,–∑–∞ –ø—Ä–µ–¥–∞–Ω–Ω–æ—Å—Ç—å –∫–æ–º–∞–Ω–¥–µ,"",1,0
248,2022-08-15 12:06:37.562122,2022-08-15 14:07:00.004580,1376939445,1063359886,30,–∑–∞ –æ–ø–µ—Ä–∞—Ç–∏–≤–Ω–æ—Å—Ç—å –∏ –æ—Ç–∑—ã–≤—á–∏–≤–æ—Å—Ç—å,"",1,0
249,2022-08-15 12:10:04.105676,2022-08-15 14:11:00.002750,1376939445,820646247,30,–∑–∞ –¥–æ–ø–æ–ª–Ω–∏—Ç–µ–ª—å–Ω—ã–µ –∞–∫—Ç–∏–≤–Ω–æ—Å—Ç–∏ –≤ –ø–æ–∏—Å–∫–µ –≤–Ω—É—Ç—Ä–µ–Ω–Ω–∏—Ö —Ä–µ—Å—É—Ä—Å–æ–≤,"",1,0
250,2022-08-15 12:11:22.803880,2022-08-15 14:12:00.003479,1376939445,393389145,20,"–∑–∞ –ø—Ä–µ–¥–∞–Ω–Ω–æ—Å—Ç—å –∫–æ–º–ø–∞–Ω–∏–∏, –≥–æ—Ç–æ–≤–Ω–æ—Å—Ç—å –ø–æ–º–æ—á—å –∏ –æ—Ç–≤–µ—Ç—Å—Ç–≤–µ–Ω–Ω–æ—Å—Ç—å","",1,0
251,2022-08-15 12:13:51.411981,2022-08-15 14:14:00.003012,1376939445,1870005647,20,–∑–∞ –ª–∏—á–Ω—É—é –æ—Ç–≤–µ—Ç—Å—Ç–≤–µ–Ω–Ω–æ—Å—Ç—å –≤ –Ω–æ–≤—ã—Ö –æ–±—è–∑–∞–Ω–Ω–æ—Å—Ç—è—Ö,"",1,1
252,2022-08-15 12:14:39.974226,2022-08-15 14:15:00.003629,1376939445,148785954,30,–ó–∞ –º–æ—Ç–∏–≤–∞—Ü–∏—é –∏ –æ–±—É—á–µ–Ω–∏–µ,"",1,1
253,2022-08-15 12:20:21.553404,2022-08-15 14:21:00.002938,302337090,1341062023,10,–∑–∞ –∞–∫—Ç–∏–≤–Ω–æ—Å—Ç—å,"",1,0
254,2022-08-15 12:20:55.300686,2022-08-15 14:21:00.251379,183417405,1882444044,10,–ü–æ–¥–±—Ä–æ—Å–∏—Ç—å –¥–µ–Ω—å–∂–∞—Ç,"",1,0
255,2022-08-15 12:22:40.653037,2022-08-15 14:23:00.002750,1882444044,1224139005,5,–∑–∞ –≤–∫—É—Å–Ω–µ–π—à—É—é —à–∞—Ä–ª–æ—Ç–∫—É üòò,"",1,0
256,2022-08-15 12:24:53.478765,2022-08-15 14:25:00.002695,1376939445,302337090,1,–∑–∞ –∫–æ–Ω—Å—É–ª—å—Ç–∞—Ü–∏–∏,"",1,1
257,2022-08-15 12:27:20.387660,2022-08-15 14:28:00.002695,188416619,5015739997,10,works well,"",1,0
258,2022-08-15 12:27:23.367312,2022-08-15 14:28:00.194152,302337090,980900767,10,–∑–∞ –∞–∫—Ç–∏–≤–Ω–æ—Å—Ç—å,"",1,1
259,2022-08-15 12:28:31.683125,2022-08-15 14:29:00.003374,245130821,1702569497,10,–ó–∞ –ø–æ–º–æ—â—å –≤ –ø—Ä–æ–≤–µ—Ä–∫–µ –∏ –æ—Ç–ø—Ä–∞–≤–∫–µ –Ω–æ—É—Ç–±—É–∫–∞ —Å–æ—Ç—Ä—É–¥–Ω–∏–∫—É.,"",1,0
260,2022-08-15 12:47:28.501071,2022-08-15 14:48:00.002798,980900767,302337090,10,–¢–µ—Å—Ç,"",1,1
261,2022-08-15 12:56:52.853192,2022-08-15 14:57:00.002755,980900767,1882444044,10,–∑–∞ —Ç–µ—Å—Ç–∏—Ä–æ–≤–∞–Ω–∏–µ –±–æ—Ç–∞,"",1,1
262,2022-08-15 12:57:44.279793,2022-08-15 14:58:00.003413,980900767,1882444044,10,–ó–∞ —Ç–µ—Å—Ç–∏—Ä–æ–≤–∞–Ω–∏–µ,"",1,0
263,2022-08-15 13:04:33.581795,2022-08-15 15:05:00.003032,1224139005,1882444044,10,–∑–∞ –∞–∫—Ç–∏–≤–Ω–æ–µ —É—á–∞—Å—Ç–∏–µ –≤ –∂–∏–∑–Ω–∏ –∫–æ–º–ø–∞–Ω–∏–∏,"",1,1
264,2022-08-15 13:07:43.306467,2022-08-15 15:08:00.002641,1224139005,393389145,10,–∑–∞ –ø–æ–º–æ—â—å,"",1,0
265,2022-08-15 13:14:57.409153,2022-08-15 15:15:00.002904,1882444044,1224139005,4,–∑–∞ –≤–∫—É—Å–Ω–µ–π—à—É—é —à–∞—Ä–ª–æ—Ç–∫—É üòò,"",1,0
266,2022-08-15 13:40:42.104485,2022-08-15 15:41:00.002745,393389145,843059374,20,–∑–∞ –¥–æ–≤–µ—Ä–∏–µ,"",1,1
267,2022-08-15 14:44:28.999200,2022-08-15 16:45:00.002610,1717379535,980900767,10,–∑–∞ –ø–æ–º–æ—â—å –≤ –æ—Å–≤–æ–µ–Ω–∏–∏ –Ω–æ–≤—ã—Ö —Ñ—É–Ω–∫—Ü–∏–π –¢–ì,"",1,1
268,2022-08-15 15:01:55.732748,2022-08-15 17:02:00.002897,980900767,5157113683,10,–ó–∞ –ø–æ–º–æ—â—å –≤ –Ω–µ—Ä–∞–±–æ—á–µ–µ –≤—Ä–µ–º—è –ø–æ —Ä–∞–±–æ—á–∏–º –≤–æ–ø—Ä–æ—Å–∞–º,"",1,1
269,2022-08-15 15:42:18.525324,2022-08-15 17:43:00.002699,709834386,1882444044,15,–∑–∞ –ø–æ–º–æ—â—å –≤ –∞–∫—Ç—É–∞–ª–∏–∑–∞—Ü–∏–∏ –≤–∞–∫–∞–Ω—Å–∏–π –∏ —Ä–∞—Å—Å—ã–ª–∫–µ –±–µ–∑ —Ç–∞–±–ª–∏—á–∫–∏ :),"",1,0
270,2022-08-15 16:49:03.812303,2022-08-15 18:50:00.002724,1882444044,1717379535,20,–∑–∞ –≤–æ—Å—Å–æ–∑–¥–∞–Ω–∏–µ —Ç–∞–±–ª–∏—Ü—ã!!! –¢—ã –≥–µ—Ä–æ–π –ø—Ä–æ—Å—Ç–æ,"",1,0
271,2022-08-15 22:57:18.631921,2022-08-16 00:58:00.002666,188416619,5015739997,9,test,"",1,0
272,2022-08-15 23:21:07.199486,2022-08-16 01:22:00.002716,188416619,5015739997,9,test,"",1,0
273,2022-08-15 23:54:42.222363,2022-08-16 01:55:00.002730,188416619,5015739997,9,test,"",1,0
274,2022-08-16 00:03:52.470986,2022-08-16 02:04:00.002889,188416619,5015739997,9,test,"",1,0
275,2022-08-16 00:06:36.042120,2022-08-16 02:07:00.002686,188416619,5015739997,1,test,"",1,0
276,2022-08-16 00:19:09.632215,2022-08-16 02:20:00.002691,188416619,5015739997,1,test,"",1,0
277,2022-08-16 00:23:08.225462,2022-08-16 02:24:00.002860,188416619,5015739997,1,test,"",1,0
278,2022-08-16 00:24:13.266723,2022-08-16 02:25:00.003430,188416619,5015739997,1,test,"",1,0
279,2022-08-16 00:24:37.108779,2022-08-16 02:25:00.106093,188416619,5196290274,1,test,"",1,1
280,2022-08-16 00:41:15.741045,2022-08-16 02:42:00.004280,188416619,5015739997,1,test,"",1,0
281,2022-08-16 00:41:49.268328,2022-08-16 02:42:00.219627,188416619,5015739997,1,test,"",1,0
282,2022-08-16 00:42:50.704968,2022-08-16 02:43:00.005059,188416619,5015739997,1,test,"",1,0
283,2022-08-16 00:44:12.647495,2022-08-16 02:45:00.002653,188416619,5015739997,1,test,"",1,0
284,2022-08-16 00:48:23.102781,2022-08-16 02:49:00.002669,188416619,5015739997,1,test,"",1,0
285,2022-08-16 00:48:44.977557,2022-08-16 02:49:00.081017,188416619,5015739997,1,test,"",1,0
286,2022-08-16 00:49:01.960042,2022-08-16 02:50:00.003490,188416619,5015739997,1, test,"",1,0
287,2022-08-16 00:49:11.101062,2022-08-16 02:50:00.103697,188416619,5015739997,1,test,"",1,0
288,2022-08-16 00:49:26.787447,2022-08-16 02:50:00.191834,188416619,5015739997,10,10 test,"",1,0
289,2022-08-16 00:49:37.429084,2022-08-16 02:50:00.263648,188416619,5015739997,1,test,"",1,1
290,2022-08-16 00:49:55.952850,2022-08-16 02:50:00.359701,188416619,5015739997,1,1 test,"",1,1
291,2022-08-16 08:33:29.124776,2022-08-16 10:34:00.002678,443075293,458926263,30,–ü—Ä–æ—Ç–æ–∫–æ–ª –æ–ø—Ä–æ—Å–∞,"",1,0
292,2022-08-16 08:35:12.435673,2022-08-16 10:36:00.002610,443075293,980177263,30,–ü—Ä–æ—Ç–æ–∫–æ–ª –æ–ø—Ä–æ—Å–∞,"",1,0
293,2022-08-16 08:37:08.923427,2022-08-16 10:38:00.002623,443075293,980900767,30,–ó–∞ –±–¥–∏—Ç–µ–ª—å–Ω–æ—Å—Ç—å,"",1,0
294,2022-08-16 08:39:11.904787,2022-08-16 10:40:00.002656,443075293,245130821,30,–ó–∞ –º—É–¥—Ä–æ—Å—Ç—å –∏ –±–µ–∑—É–ø—Ä–µ—á–Ω–æ—Å—Ç—å –ø–æ–∑–∏—Ü–∏–∏,"",1,0
295,2022-08-16 08:41:19.867952,2022-08-16 10:42:00.002672,188416619,5015739997,1,1 test,"",1,1
296,2022-08-16 08:43:26.614260,2022-08-16 10:44:00.002708,443075293,843059374,30,–ó–∞ –≤—ã–¥–µ—Ä–∂–∫—É –∏ –±–µ–∑–æ—Ç–∫–∞–∑–Ω–æ—Å—Ç—å ;),"",1,0
297,2022-08-16 10:27:11.193736,2022-08-16 12:28:00.002631,188416619,114324829,1,thanks,"",1,0
298,2022-08-16 12:55:11.939733,2022-08-16 14:56:00.002796,5015739997,1715179158,1,prod test,"",1,1
299,2022-08-16 13:23:21.380883,2022-08-16 13:27:43.459808,114324829,5015739997,1,1,"",0,1
300,2022-08-16 13:27:23.014791,2022-08-16 13:27:44.845559,114324829,5015739997,11,test,"",0,0
301,2022-08-16 13:28:12.878201,2022-08-16 13:29:25.135168,114324829,5015739997,11,test,"",0,0
302,2022-08-16 14:46:02.566702,2022-08-16 14:46:07.178783,114324829,5015739997,1,1,"",0,1
303,2022-08-16 15:12:21.441621,2022-08-16 17:13:00.002719,1325698316,801809240,10,–∑–∞ –ø—Ä–µ–¥–æ—Å—Ç–∞–≤–ª–µ–Ω–∏–µ –∏—Å—á–µ—Ä–ø—ã–≤–∞—é—â–µ–π –∏–Ω—Ñ–æ—Ä–º–∞—Ü–∏–∏,"",1,1
304,2022-08-16 15:13:09.087521,2022-08-16 17:14:00.003622,1325698316,1772188053,10,–∑–∞ –ø–æ–º–æ—â—å –≤ —Ä–∞–±–æ—Ç–µ,"",1,1
305,2022-08-16 15:13:51.317635,2022-08-16 17:14:00.172057,1325698316,1063359886,10,–∑–∞ –ø—Ä–µ–¥–æ—Å—Ç–∞–≤–ª–µ–Ω–∏–µ –∏—Å—á–µ—Ä–ø—ã–≤–∞—é—â–µ–π –∏–Ω—Ñ–æ—Ä–º–∞—Ü–∏–∏ –∏ –ø–æ–º–æ—â—å –≤ —Ä–∞–±–æ—Ç–µ,"",1,1
306,2022-08-16 15:14:18.198888,2022-08-16 17:15:00.004650,1325698316,705221157,10,–∑–∞ –ø—Ä–µ–¥–æ—Å—Ç–∞–≤–ª–µ–Ω–∏–µ –∏—Å—á–µ—Ä–ø—ã–≤–∞—é—â–µ–π –∏–Ω—Ñ–æ—Ä–º–∞—Ü–∏–∏,"",1,1
307,2022-08-16 15:16:37.160395,2022-08-16 17:17:00.002707,1325698316,1224139005,10,–∑–∞ –ø—Ä–µ–¥–æ—Å—Ç–∞–≤–ª–µ–Ω–∏–µ –∏—Å—á–µ—Ä–ø—ã–≤–∞—é—â–µ–π –∏–Ω—Ñ–æ—Ä–º–∞—Ü–∏–∏ –ø–æ —Å–æ—Ç—Ä—É–¥–Ω–∏–∫–∞–º –∏ –≤—ã–ø–ª–∞—Ç–∞–º,"",1,1
308,2022-08-16 15:17:39.289157,2022-08-16 17:18:00.003400,1325698316,1702569497,10,–∑–∞ –æ–±–µ—Å–ø–µ—á–µ–Ω–∏–µ –æ—Ñ–∏—Å–∞ –∏ –≤–∫—É—Å–Ω—è—à–∫–∏,"",1,1
309,2022-08-16 15:18:50.539329,2022-08-16 17:19:00.003320,1325698316,393389145,10,–∑–∞ –ø—Ä–µ–¥–æ—Å—Ç–∞–≤–ª–µ–Ω–∏–µ –∏—Å—á–µ—Ä–ø—ã–≤–∞—é—â–µ–π –∏–Ω—Ñ–æ—Ä–º–∞—Ü–∏–∏,"",1,1
310,2022-08-16 15:19:14.415097,2022-08-16 17:20:00.003463,1325698316,1311582682,10,–∑–∞ –ø—Ä–µ–¥–æ—Å—Ç–∞–≤–ª–µ–Ω–∏–µ –∏—Å—á–µ—Ä–ø—ã–≤–∞—é—â–µ–π –∏–Ω—Ñ–æ—Ä–º–∞—Ü–∏–∏,"",1,1
311,2022-08-16 15:19:55.712142,2022-08-16 17:20:00.139565,1325698316,1882444044,5,–∑–∞ –ø–æ–∑–∏—Ç–∏–≤,"",1,1
312,2022-08-16 15:20:19.853641,2022-08-16 17:21:00.003605,1325698316,1392974853,20,–∑–∞ –ø—Ä–µ–¥–æ—Å—Ç–∞–≤–ª–µ–Ω–∏–µ –∏—Å—á–µ—Ä–ø—ã–≤–∞—é—â–µ–π –∏–Ω—Ñ–æ—Ä–º–∞—Ü–∏–∏,"",1,1
313,2022-08-16 15:20:50.440226,2022-08-16 17:21:00.138178,1325698316,1842182696,20,–∑–∞ –ø—Ä–µ–¥–æ—Å—Ç–∞–≤–ª–µ–Ω–∏–µ –∏—Å—á–µ—Ä–ø—ã–≤–∞—é—â–µ–π –∏–Ω—Ñ–æ—Ä–º–∞—Ü–∏–∏,"",1,1
314,2022-08-16 15:21:13.630636,2022-08-16 17:22:00.003402,1325698316,1341062023,5,–∑–∞ –ø–æ–∑–∏—Ç–∏–≤,"",1,1
315,2022-08-16 15:21:45.456237,2022-08-16 17:22:00.251921,1325698316,980900767,5,–∑–∞ –ø–æ–∑–∏—Ç–∏–≤,"",1,1
316,2022-08-16 15:22:31.618721,2022-08-16 17:23:00.003426,1325698316,1376939445,5,–∑–∞ –ø–æ–º–æ—â—å –∏ –ø–æ–∑–∏—Ç–∏–≤,"",1,1
317,2022-08-16 15:27:04.528632,2022-08-16 17:28:00.004150,1717379535,458926263,30,–ó–∞ –≤—Å–µ—Å—Ç–æ—Ä–æ–Ω–Ω—é—é –ø–æ–º–æ—â—å –∏ –ø–æ–¥–¥–µ—Ä–∂–∫—É,"",1,1
320,2022-08-16 17:47:49.262861,2022-08-16 19:48:00.002663,1870005647,1842182696,15,–∑–∞ —Ç–µ—Ä–ø–µ–Ω–∏–µ –≤ —Ä–∞–±–æ—Ç–µ —Å –¢–∞–º–∫–æ–≤–∏—á–µ–º ;),"",1,0
321,2022-08-16 19:39:20.403628,2022-08-16 21:40:00.002701,1882444044,1717379535,5,"–∑–∞ —Ç–æ, —á—Ç–æ –¥–µ–ª–∏—à—å—Å—è –ª–∏—á–Ω—ã–º - –∑–∞ –æ–≥—É—Ä—Ü—ã üòÖ) –º—ã —Å –ê–® –æ—Ü–µ–Ω–∏–ª–∏.","",1,0
322,2022-08-17 11:51:59.671915,2022-08-17 13:52:00.002965,1870005647,820646247,10,–ó–∞ –ø—Ä–∞–≤–∏–ª—å–Ω—ã–µ –º—ã—Å–ª–∏ –≤—Å–ª—É—Ö :),"",1,0
323,2022-08-17 12:36:00.685425,2022-08-17 14:37:00.002737,1341062023,1717379535,20,–ó–∞ 900 —Å—Ç—Ä–æ–∫ –∫–æ–¥–∞!,"",1,1
324,2022-08-17 12:49:56.844595,2022-08-17 14:50:00.002679,980900767,1717379535,10,–û–≥—Ä–æ–º–Ω–æ–µ —Å–ø–∞—Å–∏–±–æ –∑–∞ –º–æ–¥–µ—Ä–Ω–∏–∑–∞—Ü–∏—é –¢–∞–±–ª–∏—Ü—ã –ü–æ—Ç—Ä–µ–±–Ω–æ—Å—Ç–µ–π!,"",1,0
325,2022-08-17 13:39:53.069129,2022-08-17 15:40:00.002960,820646247,1717379535,25,–ë–æ–ª—å—à–æ–µ —Å–ø–∞—Å–∏–±–æ –∑–∞ –¢–∞–±–ª–∏—Ü—É –ü–æ—Ç—Ä–µ–±–Ω–æ—Å—Ç–µ–π,"",1,0
326,2022-08-17 14:05:50.890604,2022-08-17 16:06:00.002682,302337090,1717379535,10,–∑–∞ –∞–≤—Ç–æ–º–∞—Ç–∏–∑–∞—Ü–∏—é –ø—Ä–æ—Ü–µ—Å—Å–∞,"",1,0
327,2022-08-17 16:04:27.149493,2022-08-17 18:05:00.002689,393389145,1702569497,10,–∑–∞ –≤–∫—É—Å–Ω—è—à–∫–∏ –≤ –æ—Ñ–∏—Å–µ,"",1,1
328,2022-08-17 17:32:47.214678,2022-08-17 19:33:00.002710,245130821,705221157,10,–ü–æ–º–æ—â—å –≤ –Ω–∞–ª–∞–∂–∏–≤–∞–Ω–∏–∏ —Ä–∞–±–æ—á–µ–≥–æ –º–µ—Å—Ç–∞ —Å –≠–¶–ü,"",1,0
329,2022-08-17 19:58:53.667019,2022-08-17 21:59:00.002634,705221157,980900767,15,–ó–∞ –ø–µ—Ä–µ–≤–æ–¥ –Ω–µ–ø–µ—Ä–µ–≤–æ–¥–∏–º–æ–≥–æ ,"",1,1
330,2022-08-17 22:01:27.758220,2022-08-18 00:02:00.002730,1063359886,393389145,15,–∑–∞ –ø—Ä–æ—Ñ–µ—Å—Å–∏–æ–Ω–∞–ª–∏–∑–º,"",1,0
331,2022-08-18 09:01:40.333337,2022-08-18 11:02:00.002742,393389145,820646247,10,–∑–∞ —Ç—Ä—É–¥–æ–ª—é–±–∏–µ,"",1,1
332,2022-08-18 09:01:52.699626,2022-08-18 11:02:00.216016,393389145,1845327752,10,–∑–∞ —Ç—Ä—É–¥–æ–ª—é–±–∏–µ,"",1,0
333,2022-08-18 09:02:55.814289,2022-08-18 11:03:00.003358,393389145,1717379535,10,–∑–∞ –≤–æ–ø—Ä–æ—Å—ã –Ω–µ –¥–∞—é—â–∏–µ —Ä–∞—Å—Å–ª–∞–±–∏—Ç—å—Å—è),"",1,1
334,2022-08-18 09:04:15.172470,2022-08-18 11:05:00.002696,393389145,1392974853,15,–∑–∞ –Ω–∞–¥–µ–∂–Ω—ã–π —Ç—ã–ª,"",1,0
335,2022-08-18 09:07:25.204633,2022-08-18 11:08:00.002708,393389145,705221157,10,"–∑–∞ –ø–æ–º–æ—â—å –≤ —Ä–µ—à–µ–Ω–∏–∏ –ø–æ–≤—Å–µ–¥–Ω–µ–≤–Ω—ã—Ö –∑–∞–¥–∞—á
","",1,1
336,2022-08-18 09:07:44.053024,2022-08-18 11:08:00.123481,393389145,1772188053,10,"–ó–∞ –ø–æ–º–æ—â—å –≤ —Ä–µ—à–µ–Ω–∏–∏ –ø–æ–≤—Å–µ–¥–Ω–µ–≤–Ω—ã—Ö –∑–∞–¥–∞—á
","",1,0
337,2022-08-18 09:07:54.936143,2022-08-18 11:08:00.201939,393389145,1325698316,10,"–ó–∞ –ø–æ–º–æ—â—å –≤ —Ä–µ—à–µ–Ω–∏–∏ –ø–æ–≤—Å–µ–¥–Ω–µ–≤–Ω—ã—Ö –∑–∞–¥–∞—á
","",1,0
338,2022-08-18 09:09:19.667915,2022-08-18 11:10:00.003025,393389145,1063359886,10,"–∑–∞ —Ä–∞–∑—ä—è—Å–Ω–µ–Ω–∏–µ –ø–æ –Ω–∞—á–∏—Å–ª–µ–Ω–∏—é –∑–∞—Ä–∞–±–æ—Ç–Ω–æ–π –ø–ª–∞—Ç—ã
","",1,1
339,2022-08-18 09:09:36.433235,2022-08-18 11:10:00.086327,393389145,1224139005,10,"–∑–∞ —Ä–∞–∑—ä—è—Å–Ω–µ–Ω–∏–µ –ø–æ –∫–∞–¥—Ä–æ–≤—ã–º –≤–æ–ø—Ä–æ—Å–∞–º)
","",1,0
340,2022-08-18 09:10:28.217474,2022-08-18 11:11:00.003637,393389145,1870005647,10,"–∑–∞ —á–µ—Ç–∫–æ—Å—Ç—å –≤ —Ä–∞–±–æ—Ç–µ
","",1,1
341,2022-08-18 09:10:47.629050,2022-08-18 11:11:00.205214,393389145,1882444044,10,"–∑–∞ –Ω–∞—Å—Ç–æ–π—á–∏–≤–æ—Å—Ç—å –≤ —Ä–∞–±–æ—Ç–µ
","",1,0
342,2022-08-18 09:11:31.173220,2022-08-18 11:12:00.003398,393389145,1842182696,10,–ø–æ–±–æ–ª—å—à–µ –≤–Ω–∏–º–∞—Ç–µ–ª—å–Ω–æ—Å—Ç–∏,"",1,1
343,2022-08-18 09:21:51.185920,2022-08-18 11:22:00.002919,820646247,245130821,25,"–ë–æ–ª—å—à–æ–µ —Å–ø–∞—Å–∏–±–æ –∑–∞ —Å–∞–º–æ–æ—Ç–¥–∞—á—É, –ø—Ä–æ—Ñ–µ—Å—Å–∏–æ–Ω–∞–ª–∏–∑–º –∏ —Ä–µ—à–µ–Ω–∏–µ –æ–≥—Ä–æ–º–Ω–æ–π –ø—Ä–æ–±–ª–µ–º—ã —Å –ø–µ—Ä–µ–Ω–æ—Å–æ–º –ø–æ—á—Ç—ã.","",1,0
344,2022-08-18 09:23:45.601461,2022-08-18 11:24:00.002878,820646247,1392974853,10,–ó–∞ –∫–æ–º–∞–Ω–¥–Ω—É—é —Ä–∞–±–æ—Ç—É –∏ –æ—Ç–∑—ã–≤—á–∏–≤–æ—Å—Ç—å –ø–æ –ª—é–±—ã–º –≤–æ–ø—Ä–æ—Å–∞–º.,"",1,0
345,2022-08-18 09:26:33.732433,2022-08-18 11:27:00.002670,820646247,1845327752,10,"–ó–∞ –ø–æ–º–æ—â—å –≤ —Ä–µ—à–µ–Ω–∏–∏ –ª—é–±—ã—Ö –≤–æ–ø—Ä–æ—Å–æ–≤. –û—Ç–∑—ã–≤—á–∏–≤–æ—Å—Ç—å, –æ—Ç–∫—Ä—ã—Ç–æ—Å—Ç—å –∏ –ø—Ä–æ—Ñ–µ—Å—Å–∏–æ–Ω–∞–ª–∏–∑–º.","",1,0
346,2022-08-18 09:27:39.443158,2022-08-18 11:28:00.004533,820646247,1882444044,15,"–ó–∞ –ø–æ—Ç—Ä—è—Å–∞—é—â—É—é —ç–Ω–µ—Ä–≥–µ—Ç–∏–∫—É, –ø–æ–∑–∏—Ç–∏–≤ –≤ –ª—é–±—ã—Ö —Å–∏—Ç—É–∞—Ü–∏—è—Ö. –ü–æ–º–æ—â—å –≤ —Ä–µ—à–µ–Ω–∏–∏ —Å–ø–æ—Ä–Ω—ã—Ö –≤–æ–ø—Ä–æ—Å–æ–≤ –ø–æ –ø—Ä–æ–µ–∫—Ç–∞–º –∏ –∫–æ–º–∞–Ω–¥–Ω—É—é —Ä–∞–±–æ—Ç—É.","",1,0
347,2022-08-18 09:29:16.002911,2022-08-18 11:30:00.002647,820646247,458926263,10,"–ó–∞ –ø–æ–º–æ—â—å –ø—Ä–∏ –¥–æ—Å—Ç–∞–≤–∫–µ –Ω–æ—É—Ç–±—É–∫–æ–≤ –≤ –°–±–µ—Ä. –ó–∞ –ø—Ä–æ—Ñ–µ—Å—Å–∏–æ–Ω–∞–ª–∏–∑–º, —á–µ—Å—Ç–Ω–æ—Å—Ç—å –∏ –æ—Ç–∫—Ä—ã—Ç–æ—Å—Ç—å.","",1,0
348,2022-08-18 09:30:21.854132,2022-08-18 11:31:00.003283,820646247,709834386,10,–ó–∞ –≤–æ–≤–ª–µ—á–µ–Ω–Ω–æ—Å—Ç—å –∏ —Å–∞–º–æ–æ—Ç–¥–∞—á—É. –ò –∑–∞ –∫–ª–∞—Å—Å–Ω—É—é —ç–Ω–µ—Ä–≥–µ—Ç–∏–∫—É :),"",1,0
349,2022-08-18 09:31:19.955785,2022-08-18 11:32:00.003356,820646247,980900767,10,"–ó–∞ –≤–æ–≤–ª–µ—á–µ–Ω–Ω–æ—Å—Ç—å, –ø—Ä–æ—Ñ–µ—Å—Å–∏–æ–Ω–∞–ª–∏–∑–º –∏ –∫–æ–º–∞–Ω–¥—É—é —Ä–∞–±–æ—Ç—É.","",1,0
350,2022-08-18 10:48:32.406803,2022-08-18 12:49:00.002311,820646247,1772188053,10,–ó–∞ —Å—É–º–∞—Å—à–µ–¥—à—É—é —ç–Ω–µ—Ä–≥–µ—Ç–∏–∫—É –∏ –ø–æ–∑–∏—Ç–∏–≤. –ó–∞ –ø—Ä–æ—Ñ–µ—Å—Å–∏–æ–Ω–∞–ª—å–Ω—ã–π –ø–æ–¥—Ö–æ–¥ –∫ –¥–µ–ª—É.,"",1,1
351,2022-08-18 10:49:20.779652,2022-08-18 12:50:00.003431,820646247,1870005647,15,"–ó–∞ –ø–æ–º–æ—â—å –≤ —Ä–µ—à–µ–Ω–∏–∏ –ª—é–±—ã—Ö –≤–æ–ø—Ä–æ—Å–æ–≤. –û—Ç–∑—ã–≤—á–∏–≤–æ—Å—Ç—å, –æ—Ç–∫—Ä—ã—Ç–æ—Å—Ç—å –∏ –ø—Ä–æ—Ñ–µ—Å—Å–∏–æ–Ω–∞–ª–∏–∑–º. –ó–∞ –∫–æ–º–∞–Ω–¥–Ω—É—é —Ä–∞–±–æ—Ç—É –ø—Ä–∏ –≤–µ–¥–µ–Ω–∏–∏ –ø—Ä–æ–µ–∫—Ç–æ–≤ –í–¢–ë.","",1,1
352,2022-08-18 11:11:57.360598,2022-08-18 13:12:00.002657,1870005647,245130821,15,–ó–∞ –ø–æ–±–µ–¥—É –≤ –Ω–µ—Ä–∞–≤–Ω–æ–º –±–æ—é —Å –ì—É–≥–ª –ø–æ—á—Ç–æ–π!,"",1,1
353,2022-08-18 11:44:12.483257,2022-08-18 13:45:00.002737,1882444044,820646247,15,–∑–∞ –æ—Ç–ª–∏—á–Ω—É—é —Ä–∞–±–æ—Ç—É –≤–æ –≤—Ä–µ–º—è –æ—Ç—Å—É—Ç—Å—Ç–≤–∏—è –¢–∞–Ω–∏,"",1,0
354,2022-08-18 11:59:32.023267,2022-08-18 14:00:00.003153,709834386,980900767,20,"–ó–∞ —Ä–µ—à–µ–Ω–∏–µ –≤–æ–ø—Ä–æ—Å —Å –∞–∫–∫–∞—É–Ω—Ç–æ–º 1 —Å —Å–ø–∞—Å–∏–±–æ–∫, –æ–±—ä—è—Å–Ω–µ–Ω–∏—è –Ω–µ–¥–∞–ª–µ–∫–∏–º –ø–æ–ª—å–∑–æ–≤–∞—Ç–µ–ª—è–º (—Ç–æ –µ—Å—Ç—å –º–Ω–µ) –∏ –∫–ª–∞—Å—Å–Ω—ã–µ –≤–µ—á–µ—Ä–∞ –≤ –æ—Ñ–∏—Å–µ","",1,1
355,2022-08-18 12:02:46.713967,2022-08-18 14:03:00.002683,1870005647,393389145,15,–ó–∞ –≤–Ω–∏–º–∞—Ç–µ–ª—å–Ω–æ—Å—Ç—å –∏ –æ—Ç–∑—ã–≤—á–∏–≤–æ—Å—Ç—å!,"",1,1
356,2022-08-18 12:03:18.106658,2022-08-18 14:04:00.003399,1870005647,705221157,10,–ó–∞ –ø—Ä–æ—Ñ–µ—Å—Å–∏–æ–Ω–∞–ª–∏–∑–º –≤ —Ä–∞–±–æ—Ç–µ!,"",1,1
357,2022-08-18 12:03:43.081646,2022-08-18 14:04:00.104692,1870005647,1772188053,10,–ó–∞ –ø—Ä–æ—Ñ–µ—Å—Å–∏–æ–Ω–∞–ª–∏–∑–º –≤ —Ä–∞–±–æ—Ç–µ!,"",1,1
358,2022-08-18 12:04:03.114032,2022-08-18 14:05:00.003490,1870005647,1224139005,10,–ó–∞ –ø—Ä–æ—Ñ–µ—Å—Å–∏–æ–Ω–∞–ª–∏–∑–º –≤ —Ä–∞–±–æ—Ç–µ!,"",1,1
359,2022-08-18 12:04:17.930865,2022-08-18 14:05:00.167212,1870005647,1325698316,10,–ó–∞ –ø—Ä–æ—Ñ–µ—Å—Å–∏–æ–Ω–∞–ª–∏–∑–º –≤ —Ä–∞–±–æ—Ç–µ!,"",1,1
360,2022-08-18 16:40:00.616299,2022-08-18 18:41:00.002786,980900767,709834386,10,–ó–∞ –ø–æ–º–æ—â—å –≤ –æ—Ä–≥–∞–Ω–∏–∑–∞—Ü–∏–∏ –ü–∞—Ä—Ç —Å–ª–µ—Ç–∞,"",1,1
361,2022-08-18 16:41:09.206531,2022-08-18 18:42:00.003603,980900767,820646247,10,–ó–∞ –ø–æ–∏—Å–∫ –∏–Ω—Ñ–æ—Ä–º–∞—Ü–∏–∏ –æ –∫–æ—Ä–ø–æ—Ä–∞—Ç–∏–≤–Ω–æ–º –ø—Ä–æ–≤–µ–¥–µ–Ω–∏–∏ –¥–æ—Å—É–≥–∞ –¥–ª—è —Å–æ—Ç—Ä—É–¥–Ω–∏–∫–æ–≤,"",1,0
362,2022-08-18 16:41:47.514370,2022-08-18 18:42:00.124682,980900767,1224139005,10,"–ó–∞ –ø–æ–º–æ—â—å —Å –¥–æ–∫—É–º–µ–Ω—Ç–∞–º–∏, –æ–±–ª–∞—Å—Ç—å —Å–æ–≤—Å–µ–º –Ω–µ–ø–æ–Ω—è—Ç–Ω–∞—è","",1,0
363,2022-08-18 17:13:44.323524,2022-08-18 19:14:00.002773,1772188053,183417405,20,–∑–∞ —Å–∏–ª—É –≤–æ–ª–∏ –∏ –≤–µ—Ä—É –≤ –ª—É—á—à–µ–µ,"",1,0
364,2022-08-18 17:16:59.698455,2022-08-18 19:17:00.002770,1772188053,1842182696,20,–∑–∞ —Ç—Ä—É–¥–æ–ª—é–±–∏–µ –∏ —É–ø–æ—Ä—Å—Ç–≤–æ,"",1,0
365,2022-08-18 17:18:15.613692,2022-08-18 19:19:00.002715,1772188053,302337090,10,–∑–∞ –ø—Ä–æ—Ñ–µ—Å—Å–∏–æ–Ω–∞–ª–∏–∑–º –∏ –∫–∞—á–µ—Å—Ç–≤–µ–Ω–Ω—É—é —Ä–∞–±–æ—Ç—É,"",1,0
366,2022-08-18 17:19:48.779684,2022-08-18 19:20:00.003390,1772188053,449902679,20,–∑–∞ –ø—Ä–æ—Ñ–µ—Å—Å–∏–æ–Ω–∞–ª–∏–∑–º –∏ –∫–∞—á–µ—Å—Ç–≤–µ–Ω–Ω—É—é —Ä–∞–±–æ—Ç—É,"",1,0
367,2022-08-18 17:19:58.034286,2022-08-18 19:20:00.117602,1772188053,158228883,20,–∑–∞ –ø—Ä–æ—Ñ–µ—Å—Å–∏–æ–Ω–∞–ª–∏–∑–º –∏ –∫–∞—á–µ—Å—Ç–≤–µ–Ω–Ω—É—é —Ä–∞–±–æ—Ç—É,"",1,0
368,2022-08-18 17:21:06.810469,2022-08-18 19:22:00.002712,1772188053,39867262,20,–∑–∞ —Ç—Ä—É–¥–æ–ª—é–±–∏–µ –∏ –∂–∏–∑–Ω–µ–Ω–Ω—ã–π –æ–ø—Ç–∏–º–∏–∑–º,"",1,0
369,2022-08-18 17:23:04.423408,2022-08-18 19:24:00.002935,1772188053,1311582682,20,–∑–∞ —Ç—Ä—É–¥–æ–ª—é–±–∏–µ –∏ –∂–∏–∑–Ω–µ–Ω–Ω—ã–π –æ–ø—Ç–∏–º–∏–∑–º,"",1,0
370,2022-08-18 17:24:24.627439,2022-08-18 19:25:00.003550,1772188053,1063359886,20,–∑–∞ —Å–≤–æ–µ–≤—Ä–µ–º–µ–Ω–Ω—É—é –∏ –∫–∞—á–µ—Å—Ç–≤–µ–Ω–Ω—É—é —Ä–∞–±–æ—Ç—É,"",1,0
371,2022-08-18 17:28:56.285159,2022-08-18 19:29:00.002679,1341062023,980900767,15,–ó–∞ –∞–∫—Ç–∏–≤–Ω–æ—Å—Ç—å –≤ –ø–æ–¥–≥–æ—Ç–æ–≤–∫–µ –∫–æ–Ω—Ü–µ–ø—Ü–∏–∏ –Ω–∞–≥—Ä–∞–∂–¥–µ–Ω–∏—è –ø–æ 3–º—É —ç—Ç–∞–ø—É –¶–°,"",1,1
372,2022-08-18 17:29:48.780878,2022-08-18 19:30:00.003391,1341062023,1313393557,20,–ó–∞ –æ–≥—Ä–æ–º–Ω—É—é –ø–æ–º–æ—â—å —Å –≤–Ω—É—Ç—Ä–µ–Ω–Ω–∏–º–∏ –ø—Ä–æ–µ–∫—Ç–∞–º–∏,"",1,1
373,2022-08-18 17:40:27.229536,2022-08-18 19:41:00.002691,1341062023,148785954,20,–ó–∞ –Ω–∞—Å—Ç–∞–≤–Ω–∏—á–µ—Å—Ç–≤–æ,"",1,0
374,2022-08-18 17:41:08.309832,2022-08-18 19:42:00.003418,1224139005,1842182696,10,–∑–∞ —á—É—Ç–∫–æ–µ –æ—Ç–Ω–æ—à–µ–Ω–∏–µ –∫ –∫–æ–ª–ª–µ–≥–∞–º –¥–µ–≤—É—à–∫–∞–º,"",1,1
375,2022-08-18 17:41:51.370105,2022-08-18 19:42:00.098626,1224139005,302337090,10,–∑–∞ —á–µ—Å—Ç–Ω–æ—Å—Ç—å,"",1,0
376,2022-08-18 17:42:16.062778,2022-08-18 19:43:00.003422,1224139005,5120778705,10,–∑–∞ –ø–æ–º–æ—â—å —Å –æ—Ç—á–µ—Ç–∞–º–∏ 1–°,"",1,0
377,2022-08-18 17:44:53.373047,2022-08-18 19:45:00.002950,1341062023,183417405,15,–ó–∞ –∞–∫—Ç–∏–≤–Ω–æ–µ —É—á–∞—Å—Ç–∏–µ –≤ —É–ø—Ä–∞–≤–ª–µ–Ω–∏–∏ –∫–æ–º–∞–Ω–¥–æ–π —Ä–∞–∑—Ä–∞–±–æ—Ç–∫–∏ –ø–æ –¶–°,"",1,1
378,2022-08-18 17:45:42.905716,2022-08-18 19:46:00.003598,1224139005,705221157,20,–∑–∞ –ø–æ–º–æ—â—å –≤ —Å—Ä–æ—á–Ω—ã—Ö –¥–µ–ª–∞—Ö,"",1,0
379,2022-08-18 17:46:01.746640,2022-08-18 19:47:00.004854,1224139005,1772188053,10,–∑–∞ –ø–æ–∑–∏—Ç–∏–≤,"",1,0
380,2022-08-18 17:47:08.941760,2022-08-18 19:48:00.005106,1224139005,1428658405,10,–∑–∞ —Å–ª–∞–∂–µ–Ω–Ω–æ—Å—Ç—å –≤ —Ä–∞–±–æ—Ç–µ,"",1,0
381,2022-08-18 17:49:15.319957,2022-08-18 19:50:00.002744,1224139005,5186164225,10,–∑–∞ –≥–∏–±–∫–æ—Å—Ç—å –≤ —Ä–∞–±–æ—Ç–µ,"",1,0
382,2022-08-18 17:49:41.207200,2022-08-18 19:50:00.102823,1224139005,5157113683,20,–∑–∞ —Å—Ç—Ä–µ–º–ª–µ–Ω–∏–µ –∫ –ø–æ–Ω–∏–º–∞–Ω–∏—é,"",1,0
383,2022-08-18 17:50:19.533914,2022-08-18 19:51:00.003334,1224139005,1927276117,10,–∑–∞ –æ—Ç–≤–µ—Ç—Å—Ç–≤–µ–Ω–Ω—ã–π –ø–æ–¥—Ö–æ–¥ –∫ —Ä–∞–±–æ—Ç–µ,"",1,0
384,2022-08-18 17:51:31.375074,2022-08-18 19:52:00.003396,1224139005,148785954,20,–∑–∞ –∏–¥–µ–∏,"",1,1
385,2022-08-18 17:52:10.162682,2022-08-18 19:53:00.003295,1224139005,445562463,20,–∑–∞ —á–µ—Ç–∫–æ—Å—Ç—å –≤ —Ä–∞–∑—ä—è—Å–Ω–µ–Ω–∏—è—Ö ,"",1,0
386,2022-08-18 17:52:40.043601,2022-08-18 19:53:00.191999,1224139005,458926263,20,–∑–∞ –≤–∫—É—Å–Ω—è—à–∫–∏ –∏–∑ –æ—Ç–ø—É—Å–∫–∞,"",1,0
387,2022-08-18 18:07:43.655875,2022-08-18 20:08:00.002764,1341062023,5120778705,15,–ó–∞ –∞–∫—Ç–∏–≤–Ω–æ—Å—Ç—å –≤ —Ä–∞–±–æ—á–∏—Ö –≤–æ–ø—Ä–æ—Å–∞—Ö. –ò –æ—á–µ–Ω—å –ø–æ–∑–∏—Ç–∏–≤–Ω—ã–π –Ω–∞—Å—Ç—Ä–æ–π,"",1,0
388,2022-08-18 19:10:54.113605,2022-08-18 21:11:00.002604,5186164225,980177263,30,–∑–∞ –ø—Ä–æ–¥—É–∫—Ç–∏–≤–Ω—É—é —Ä–∞–±–æ—Ç—É.,"",1,0
389,2022-08-18 19:11:34.687572,2022-08-18 21:12:00.003678,5186164225,158228883,30,–∑–∞ —Ç—Ä—É–¥ –ø–æ —Å–±–æ—Ä—É –¥–æ–∫—É–º–µ–Ω—Ç–∞—Ü–∏–π.,"",1,0
390,2022-08-18 19:12:12.432776,2022-08-18 21:13:00.003372,5186164225,552167261,30,–∑–∞ –∫–∞—á–µ—Å—Ç–≤–µ–Ω–Ω—É—é —Ä–∞–±–æ—Ç—É.,"",1,0
391,2022-08-18 19:13:18.320844,2022-08-18 21:14:00.003584,5186164225,1845327752,35,–∑–∞ –∫–∞—á–µ—Å—Ç–≤–µ–Ω–Ω—É—é —Ä–∞–±–æ—Ç—É.,"",1,0
392,2022-08-18 19:16:17.166763,2022-08-18 21:17:00.002735,5186164225,148785954,25,–∑–∞ –º–æ—Ç–∏–≤–∞—Ü–∏—é —Ä–∞–±–æ—Ç–∞—Ç—å –ª—É—á—à–µ –∏ –±–æ–¥—Ä–µ–µ!),"",1,0
393,2022-08-18 19:49:48.647260,2022-08-18 21:50:00.002712,183417405,1341062023,20,–ó–∞ —Ç—Ä—É–¥,"",1,1
394,2022-08-18 19:50:43.599401,2022-08-18 21:51:00.004072,183417405,1376939445,30,–ó–∞ –≤—Å–µ —á—Ç–æ –¥–µ–ª–∞–µ—à—å –¥–ª—è –ö–æ–º–ø–∞–Ω–∏–∏ –∏ –∫–∞–∂–¥–æ–≥–æ –∏–∑ –Ω–∞—Å,"",1,1
395,2022-08-18 19:50:44.475613,2022-08-18 21:51:00.104790,183417405,1376939445,30,–ó–∞ –≤—Å–µ —á—Ç–æ –¥–µ–ª–∞–µ—à—å –¥–ª—è –ö–æ–º–ø–∞–Ω–∏–∏ –∏ –∫–∞–∂–¥–æ–≥–æ –∏–∑ –Ω–∞—Å,"",1,0
396,2022-08-18 19:54:53.464024,2022-08-18 21:55:00.002705,183417405,245130821,20,–ó–∞ –ø–æ–¥–¥–µ—Ä–∂–∫—É,"",1,0
397,2022-08-18 19:55:56.684683,2022-08-18 21:56:00.003413,1341062023,245130821,10,–ó–∞ —Ä–µ—à–µ–Ω–∏–µ –≤–æ–ø—Ä–æ—Å–∞ —Å –ø–æ—á—Ç–æ–π!,"",1,1
398,2022-08-18 20:24:01.891801,2022-08-18 22:25:00.002706,188416619,245130821,1,Test,"",1,1
399,2022-08-19 08:09:47.083586,2022-08-19 10:10:00.002783,1063359886,1772188053,20,–∑–∞ –æ–ø–µ—Ä–∞—Ç–∏–≤–Ω—É—é –ø–æ–º–æ—â—å –≤ —Ä–∞–±–æ—Ç–µ,"",1,0
400,2022-08-19 08:13:05.314791,2022-08-19 10:14:00.002693,1063359886,843059374,20,–∑–∞ –≤—ã—Å–æ–∫–∏–π –ø—Ä–æ—Ñ–µ—Å—Å–∏–æ–Ω–∞–ª–∏–∑–º –∏ –ø–æ–º–æ—â—å –≤ —Ä–∞–±–æ—Ç–µ –ë–£,"",1,0
401,2022-08-19 08:14:41.328901,2022-08-19 10:15:00.003337,1063359886,705221157,20,–∑–∞ –ø–æ–º–æ—â—å –≤ –æ—Ç–ø—Ä–∞–≤–∫–µ –æ—Ç—á–µ—Ç–Ω–æ—Å—Ç–∏ –ø–æ –°–ë–ò–°,"",1,0
402,2022-08-19 08:16:14.645648,2022-08-19 10:17:00.002721,1063359886,1325698316,15,–∑–∞ –ø–æ–º–æ—â—å –≤ —Å–≤–µ—Ä–∫–µ –Ω–∞–ª–æ–≥–æ–≤—ã—Ö –ø–ª–∞—Ç–µ–∂–µ–π,"",1,0
403,2022-08-19 08:18:39.551952,2022-08-19 10:19:00.002635,1063359886,801809240,15,–∑–∞ –ø–æ–º–æ—â—å –≤ —Å–æ–≤–º–µ—Å—Ç–Ω–æ–π —Ä–∞–±–æ—Ç–µ,"",1,0
404,2022-08-19 09:39:07.959438,2022-08-19 11:40:00.002798,302337090,5120778705,15,–∑–∞ –Ω–µ—Ä–∞–≤–Ω–æ–¥—É—à–∏–µ –∏ –æ—Ç–≤–µ—Ç—Å—Ç–≤–µ–Ω–Ω–æ–µ –æ—Ç–Ω–æ—à–µ–Ω–∏–µ –∫ —Ä–∞–±–æ—á–∏–º –¥–µ–ª–∞–º!,"",1,0
405,2022-08-19 09:57:01.984258,2022-08-19 11:58:00.002778,302337090,1341062023,15,–∑–∞ –ø–æ–¥–¥–µ—Ä–∂–∞–Ω–∏–µ –∫–æ–º–∞–Ω–¥–Ω–æ–≥–æ –¥—É—Ö–∞,"",1,0
406,2022-08-19 10:32:29.880058,2022-08-19 12:33:00.002807,5120778705,1341062023,20,–ó–∞ —Ä–∞–±–æ—Ç—É –≤ –ª—é–±—ã—Ö –æ–±—Å—Ç–æ—è—Ç–µ–ª—å—Å—Ç–≤–∞—Ö –∏ –ø–æ–∑–∏—Ç–∏–≤–Ω—ã–π –Ω–∞—Å—Ç—Ä–æ–π,"",1,1
407,2022-08-19 10:34:09.030611,2022-08-19 12:35:00.002712,5120778705,302337090,20,–ó–∞ –ø–æ–º–æ—â—å –∏ –ø–æ–¥–¥–µ—Ä–∂–∫—É –≤ —Ä–∞–±–æ—á–∏—Ö –≤–æ–ø—Ä–æ—Å–∞—Ö,"",1,1
408,2022-08-19 10:36:19.464611,2022-08-19 12:37:00.002937,5120778705,1882444044,20,–∑–∞ –ø–æ–º–æ—â—å –≤ –æ—Å–≤–æ–µ–Ω–∏–∏ –Ω–æ–≤–æ–π –ø—Ä–µ–¥–º–µ—Ç–Ω–æ–π –æ–±–ª–∞—Å—Ç–∏,"",1,1
409,2022-08-19 10:57:42.704934,2022-08-19 12:58:00.002717,445562463,437599716,20,–∑–∞ –æ–ø–µ—Ä–∞—Ç–∏–≤–Ω–æ—Å—Ç—å –≤ —Ä–µ—à–µ–Ω–∏–∏ –∑–∞–¥–∞—á,"",1,1
410,2022-08-19 10:58:09.829864,2022-08-19 12:59:00.003537,445562463,1074769463,10,–∑–∞ –ø–æ–Ω–∏–º–∞–Ω–∏–µ —Å –ø–æ–ª—É—Å–ª–æ–≤–∞,"",1,1
411,2022-08-19 10:59:27.288481,2022-08-19 13:00:00.003324,445562463,1063359886,40,–ó–∞ –æ—Ç–≤–µ—Ç—Å—Ç–≤–µ–Ω–Ω–æ–µ –æ—Ç–Ω–æ—à–µ–Ω–∏–µ,"",1,1
412,2022-08-19 11:00:34.309423,2022-08-19 13:01:00.003416,445562463,1341062023,10,–∑–∞ —É–≤–∞–∂–∏—Ç–µ–ª—å–Ω–æ–µ –æ—Ç–Ω–æ—à–µ–Ω–∏–µ,"",1,1
413,2022-08-19 11:01:39.845191,2022-08-19 13:02:00.003475,445562463,843059374,20,–∑–∞ –º–æ—Ä–∞–ª—å–Ω—É—é –ø–æ–¥–¥–µ—Ä–∂–∫—É,"",1,1
414,2022-08-19 11:02:40.708169,2022-08-19 13:03:00.003578,445562463,705221157,50,–∑–∞ —Å—É–ø–µ—Ä–æ—Ç–≤–µ—Ç—Å—Ç–≤–µ–Ω–Ω–æ–µ –æ—Ç–Ω–æ—à–µ–Ω–∏–µ –∫ –ø—Ä–æ—Ü–µ—Å—Å—É,"",1,1
415,2022-08-19 11:56:03.768853,2022-08-19 13:57:00.002755,1717379535,980900767,25,–ó–∞ –∫–∞—á–µ—Å—Ç–≤–µ–Ω–Ω—É—é –∞–¥–º–∏–Ω–∏—Å—Ç—Ä–∞—Ç–æ—Ä—Å–∫—É—é —Ä–∞–±–æ—Ç—É –ø–æ –ø—Ä–æ–µ–∫—Ç—É –°–ø–∞—Å–∏–±–æ,"",1,1
416,2022-08-19 11:57:28.781452,2022-08-19 13:58:00.003491,1717379535,1882444044,30,"–ó–∞ —Ç–æ, —á—Ç–æ –Ω–µ –¥–∞–µ—à—å –Ω–∏–∫–æ–º—É —Ä–∞—Å—Å–ª–∞–±–∏—Ç—å—Å—è)","",1,1
417,2022-08-19 11:59:50.687322,2022-08-19 14:00:00.002821,1717379535,820646247,30,–ó–∞ –æ—Ç–ª–∏—á–Ω—ã–π –Ω–∞–≤—ã–∫ –ø–µ—Ä–µ–æ—Ä–≥–∞–Ω–∏–∑–∞—Ü–∏–∏ –∏ —Ä–∞–±–æ—Ç—ã –≤ —Ä–µ–∂–∏–º–µ –º–Ω–æ–≥–æ–∑–∞–¥–∞—á–Ω–æ—Å—Ç–∏,"",1,1
418,2022-08-19 12:05:20.836246,2022-08-19 14:06:00.002797,1717379535,1224139005,30,"–°–ø–∞—Å–∏–±–æ –∑–∞ —Ç–æ, —á—Ç–æ –æ—Ç–ø—É—Å–∫–∞–µ—à—å –≤ –æ—Ç–ø—É—Å–∫ –ø–æ –æ–¥–Ω–æ–º—É –¥–Ω—é)","",1,1
419,2022-08-19 12:10:48.165952,2022-08-19 14:11:00.002706,1717379535,1376939445,30,"–ó–∞ –æ–ø—ã—Ç –≤ –≤–µ–¥–µ–Ω–∏–∏ –ø–µ—Ä–µ–≥–æ–≤–æ—Ä–æ–≤, –∫–æ—Ç–æ—Ä—ã–µ —è –Ω–µ —Å–ø–µ—Ü–∏–∞–ª—å–Ω–æ –ø–æ–¥—Å–ª—É—à–∏–≤–∞—é –æ–¥–Ω–∏–º —É—Ö–æ–º)","",1,1
420,2022-08-19 13:09:38.179706,2022-08-19 15:10:00.004409,5120778705,1341062023,20,–ó–∞ –∑–∞–±–æ—Ç—É –∏ –≤–Ω–∏–º–∞–Ω–∏–µ –∫ –∫–æ–ª–ª–µ–≥–∞–º ,"",1,1
421,2022-08-19 13:10:03.060886,2022-08-19 15:11:00.003989,5120778705,980900767,20,–ó–∞ –∑–∞–±–æ—Ç—É –∏ –≤–Ω–∏–º–∞–Ω–∏–µ –∫ –∫–æ–ª–ª–µ–≥–∞–º,"",1,1
422,2022-08-19 13:10:26.773965,2022-08-19 15:11:00.087019,5120778705,1376939445,20,–ó–∞ –∑–∞–±–æ—Ç—É –∏ –≤–Ω–∏–º–∞–Ω–∏–µ –∫ –∫–æ–ª–ª–µ–≥–∞–º,"",1,1
423,2022-08-19 13:27:09.649496,2022-08-19 15:28:00.002717,705221157,437599716,10,–ó–∞ –ø–æ–º–æ—â—å –≤ –≤–æ–ø—Ä–æ—Å–∞—Ö 1–°,"",1,1
424,2022-08-19 13:35:02.999167,2022-08-19 15:36:00.002699,705221157,443075293,10,–ó–∞ –ø–æ–º–æ—â—å —Å –ø–æ—è—Å–Ω–µ–Ω–∏—è–º–∏ –ø–æ –ê–∫—Å–∞–º–∏—Ç—É,"",1,1
425,2022-08-19 13:46:03.900727,2022-08-19 15:47:00.002617,5120778705,245130821,30,–ó–∞ —Ä–∞–±–æ—Ç—É google-—Å–µ—Ä–≤–∏—Å–æ–≤,"",1,1
426,2022-08-19 13:50:13.647856,2022-08-19 15:51:00.002783,705221157,158228883,15,–ü–æ–º–æ—â—å –≤ –ø—Ä–µ–¥–æ—Å—Ç–∞–≤–ª–µ–Ω–∏–∏ –∏–Ω—Ñ–æ—Ä–º–∞—Ü–∏–∏ –ø–æ –±–∞–Ω–∫–æ–≤—Å–∫–∏–º –≥–∞—Ä–∞–Ω—Ç–∏—è–º –∏ –¥–æ–∫—É–º–µ–Ω—Ç–∞—Ü–∏–∏ –ø–æ –ø–ª–æ—â–∞–¥–∫–∞–º,"",1,1
427,2022-08-19 13:51:12.215822,2022-08-19 15:52:00.003355,705221157,1428658405,10,–ó–∞ –ø–æ–º–æ—â—å –≤ –ø—Ä–µ–¥–æ—Å—Ç–∞–≤–ª–µ–Ω–∏–∏ –¥–æ–∫—É–º–µ–Ω—Ç–æ–≤ –ø–æ –ø–ª–æ—â–∞–¥–∫–∞–º,"",1,0
428,2022-08-19 14:46:02.446634,2022-08-19 16:47:00.002678,302337090,443075293,20,–∑–∞ –æ–ø–µ—Ä–∞—Ç–∏–≤–Ω—É—é –ø–æ–º–æ—â—å –≤ —Ä–∞–±–æ—á–∏—Ö –≤–æ–ø—Ä–æ—Å–∞—Ö –∏ –ø–æ–∑–∏—Ç–∏–≤–Ω–æ–µ –Ω–∞—Å—Ç—Ä–æ–µ–Ω–∏–µ,"",1,1
429,2022-08-19 16:13:44.962630,2022-08-19 18:14:00.002470,1717379535,1772188053,10,–ó–∞ –≤—Å–µ–≥–¥–∞ –ø–æ–∑–∏—Ç–∏–≤–Ω–æ–µ –Ω–∞—Å—Ç—Ä–æ–µ–Ω–∏–µ –∏ —Ç–∞–Ω—Ü—ã –≤ –æ—Ñ–∏—Å–µ.),"",1,1
430,2022-08-19 16:19:06.757181,2022-08-19 18:20:00.003199,158228883,1428658405,50,–ó–∞ —Å—é—Ä–ø—Ä–∏–∑ –∏ —Ö–æ—Ä–æ—à–µ–µ –Ω–∞—Å—Ç—Ä–æ–µ–Ω–∏–µ –≤ –¥–µ–Ω—å —Ä–æ–∂–¥–µ–Ω–∏—è,"",1,1
431,2022-08-19 16:19:35.985437,2022-08-19 18:20:00.164670,158228883,1376939445,30,–ó–∞ –º–æ—Ç–∏–≤–∞—Ü–∏—é –∏ –ø–æ–¥–¥–µ—Ä–∂–∏–≤–∞–Ω–∏–µ –±–æ–µ–≤–æ–≥–æ –¥—É—Ö–∞,"",1,1
432,2022-08-19 16:20:54.550514,2022-08-19 18:21:00.003411,158228883,980900767,15,–ó–∞ –ø–µ—Ä–º–∞–Ω–µ–Ω—Ç–Ω–æ–µ —É–ª—É—á—à–µ–Ω–∏–µ –°–ø–∞—Å–∏–±–æ–∫ –∏ —É–¥–æ–±—Å—Ç–≤–æ –∏—Ö –Ω–∞—á–∏—Å–ª–µ–Ω–∏—è,"",1,1
433,2022-08-19 16:22:57.594005,2022-08-19 18:23:00.002664,158228883,705221157,28,–ó–∞ –≥–æ—Ç–æ–≤–Ω–æ—Å—Ç—å  –ø–æ–º–æ—á—å –≤ –ª—é–±–æ–π –¥–µ–Ω—å –∏ —á–∞—Å,"",1,1
434,2022-08-19 16:22:57.605316,2022-08-19 18:23:00.101603,158228883,705221157,28,–ó–∞ –≥–æ—Ç–æ–≤–Ω–æ—Å—Ç—å –ø–æ–º–æ—á—å –≤ –ª—é–±–æ–π –¥–µ–Ω—å –∏ —á–∞—Å,"",1,1
435,2022-08-19 17:40:07.504364,2022-08-19 19:41:00.002719,1842182696,1870005647,232,–∑–∞ –ø–æ–º–æ—â—å –≤ —Ä–∞–±–æ—Ç–µ —Å –¢–∞–º–∫–æ–≤–∏—á–µ–º,"",1,0
436,2022-08-20 17:05:48.520974,2022-08-20 19:06:00.002844,980900767,302337090,10,–°–ø–∞—Å–∏–±–æ –∑–∞ –ø–æ–º–æ—â—å —Å –¶–°,"",1,1
437,2022-08-20 17:06:54.889900,2022-08-20 19:07:00.003601,980900767,1341062023,10,–°–ø–∞—Å–∏–±–æ –∑–∞ –ø–æ–º–æ—â—å –∏ –ø–æ–¥–¥–µ—Ä–∂–∫—É ,"",1,0
438,2022-08-20 17:07:37.546950,2022-08-20 19:08:00.003425,980900767,1882444044,10,–°–ø–∞—Å–∏–±–æ –∑–∞ –≥–æ—Ç–æ–≤–Ω–æ—Å—Ç—å —É—á–∞—Å—Ç–≤–æ–≤–∞—Ç—å –≤ –ª—é–±–æ–º –∫–∏–ø–∏—à–µ),"",1,0
439,2022-08-20 17:08:02.301260,2022-08-20 19:09:00.003585,980900767,1882444044,10,–°–ø–∞—Å–∏–±–æ –∑–∞ —â–µ–¥—Ä–æ—Å—Ç—å,"",1,0
440,2022-08-20 17:08:31.347646,2022-08-20 19:09:00.108499,980900767,5120778705,10,–ó–∞ –ø–æ–º–æ—â—å —Å –¶–°,"",1,0
441,2022-08-20 17:09:04.382212,2022-08-20 19:10:00.003315,980900767,1772188053,10,–ó–∞ –ø–æ–º–æ—â—å —Å —á–µ–∫–∞–º–∏,"",1,0
442,2022-08-22 13:16:56.264599,2022-08-22 15:17:00.002671,458926263,1074769463,10,–ó–∞ —É—á–∞—Å—Ç–∏–µ –≤ –ø–æ–¥–≥–æ—Ç–æ–≤–∫–µ —Ñ–∏–Ω–∞–Ω—Å–æ–≤–æ–π –º–æ–¥–µ–ª–∏ –¥–ª—è –≥—Ä–∞–Ω—Ç–∞ –§–ë –ö–æ–Ω—Å–∞–ª—Ç,"",1,1
443,2022-08-22 13:18:36.512483,2022-08-22 15:19:00.002741,458926263,1772188053,10,–ó–∞ –æ–ø–µ—Ä–∞—Ç–∏–≤–Ω—É—é –ø–æ–¥–≥–æ—Ç–æ–≤–∫—É –æ–±–æ—Ä–æ—Ç–Ω–æ-—Å–∞–ª—å–¥–æ–≤–æ–π –≤–µ–¥–æ–º–æ—Å—Ç–∏,"",1,1
444,2022-08-22 13:20:52.912693,2022-08-22 15:21:00.002864,458926263,705221157,10,–ó–∞ –æ–ø–µ—Ä–∞—Ç–∏–≤–Ω–æ–µ —Ä–µ—à–µ–Ω–∏–µ –≤–æ–ø—Ä–æ—Å–æ–≤.,"",1,0
445,2022-08-22 13:23:10.654561,2022-08-22 15:24:00.002737,458926263,1224139005,5,–ó–∞ —Ç–µ—Ä–ø–µ–Ω–∏–µ.,"",1,0
446,2022-08-22 13:23:55.294244,2022-08-22 15:24:00.187074,458926263,443075293,10,–ó–∞ –ø—Ä–æ–∞–∫—Ç–∏–≤–Ω—ã–µ –¥–µ–π—Å—Ç–≤–∏—è.,"",1,0
447,2022-08-22 13:26:01.332861,2022-08-22 15:27:00.002751,458926263,843059374,20,"–ó–∞ 1–°, —Ä–µ—à–µ–Ω–∏–µ —Ä–∞–±–æ—á–∏—Ö –≤–æ–ø—Ä–æ—Å–æ–≤.","",1,0
448,2022-08-22 13:27:00.240229,2022-08-22 15:28:00.003430,458926263,1063359886,5,–ó–∞ –Ω–∞–¥–µ–∂–Ω–æ—Å—Ç—å –≤ –Ω–∞—á–∏—Å–ª–µ–Ω–∏–∏ –ó–ü,"",1,0
449,2022-08-22 13:28:54.763580,2022-08-22 15:29:00.003589,458926263,245130821,10,–ó–∞ –Ω–∞–¥–µ–∂–Ω–æ—Å—Ç—å –∏ –ø–æ–º–æ—â—å –≤ —Ä–µ—à–µ–Ω–∏–∏ –≤–æ–ø—Ä–æ—Å–æ–≤.,"",1,0
450,2022-08-22 13:31:01.228795,2022-08-22 15:32:00.004459,458926263,1341062023,10,–ó–∞ –æ—Ç–≤–µ—Ç—Å—Ç–≤–µ–Ω–Ω–æ—Å—Ç—å –∏ —ç—Ñ—Ñ–µ–∫—Ç–∏–≤–Ω—É—é —Ä–∞–±–æ—Ç—É –¥–ª—è –∫–æ–º–ø–∞–Ω–∏–∏,"",1,0
451,2022-08-22 13:36:26.765864,2022-08-22 15:37:00.004479,458926263,1341009238,5,–ó–∞ –ª–∏—Ü–µ–Ω–∑–∏–∏,"",1,0
452,2022-08-22 13:39:09.968488,2022-08-22 15:40:00.002723,458926263,1882444044,20,–ó–∞ –∞–∫—Ç–∏–≤–Ω–æ–µ —É—á–∞—Å—Ç–∏–µ –≤ –≤–Ω–µ–¥—Ä–µ–Ω–∏–∏ 1–° ,"",1,0
453,2022-08-22 13:41:02.725422,2022-08-22 15:42:00.003935,458926263,1870005647,10,–ó–∞ —Å–∞–º–æ—Å—Ç–æ—è—Ç–µ–ª—å–Ω–æ–µ –æ–±–µ—Å–ø–µ—Ü–µ–Ω–∏–µ –ø—Ä–æ—Ü–µ—Å—Å–æ–≤ –æ–ø–ª–∞—Ç—ã –∏ –æ–ø–µ—Ä–∞—Ç–∏–≤–Ω—ã–µ –æ—Ç–≤–µ—Ç—ã –ø–æ –ú–ö–ë ,"",1,0
454,2022-08-22 13:43:04.489707,2022-08-22 15:44:00.002214,458926263,1717379535,15,–ó–∞ –Ω–∞—Å—Ç—Ä–æ–π–∫—É –∏–Ω—Ç–µ–≥—Ä–∞—Ü–∏–∏ GDoc –∏ FriendWork,"",1,0
455,2022-08-22 13:45:24.594545,2022-08-22 15:46:00.003660,458926263,1311582682,10,–ó–∞ —É—á–∞—Å—Ç–∏–µ –≤ —Ä–∞–∑–±–æ—Ä–∫–∞—Ö –ø–æ –¢–® –∏–∑ –æ—Ç–ø—É—Å–∫–∞,"",1,0
456,2022-08-22 13:47:37.677991,2022-08-22 15:48:00.002769,458926263,1702569497,5,–ó–∞ —Å–≤–æ–µ–≤—Ä–µ–º–µ–Ω–Ω–æ–µ –æ–±–µ—Å–ø–µ—á–µ–Ω–∏–µ –æ—Ñ–∏—Å–∞,"",1,0
457,2022-08-22 13:48:55.641883,2022-08-22 15:49:00.003459,458926263,1376939445,15,"–ó–∞ –∞–∫—Ç–∏–≤–Ω—É—é –ø–æ–∑–∏—Ü–∏—é, –≤–∫–ª–∞–¥ –≤ –æ–±–µ—Å–ø–µ—á–µ–Ω–∏–µ –¥–µ—è—Ç–µ–ª—å–Ω–æ—Å—Ç–∏ –∏ —Ä–∞–∑–≤–∏—Ç–∏–µ –∫–æ–º–ø–∞–Ω–∏–∏","",1,0
458,2022-08-22 13:49:59.743596,2022-08-22 15:50:00.003267,458926263,820646247,10,–ó–∞ —ç—Ñ—Ñ–µ–∫—Ç–∏–≤–Ω—É—é —Ä–∞–±–æ—Ç—É,"",1,0
459,2022-08-22 13:51:25.484309,2022-08-22 15:52:00.002720,458926263,1845327752,5,–ó–∞ —Ä–∞–±–æ—Ç—É –≤ –∫–æ–º–∞–Ω–¥–µ.,"",1,0
460,2022-08-22 13:52:07.741368,2022-08-22 15:53:00.003464,458926263,393389145,15,–ó–∞ —ç—Ñ—Ñ–µ–∫—Ç–∏–≤–Ω—É—é —Ä–∞–±–æ—Ç—É,"",1,0
461,2022-08-22 13:53:23.026877,2022-08-22 15:54:00.003462,458926263,158228883,10,–ó–∞ –æ–ø–µ—Ä–∞—Ç–∏–≤–Ω–æ—Å—Ç—å –ø–æ–¥–≥–æ—Ç–æ–≤–∫–∏ —Ç–µ–Ω–¥–µ—Ä–æ–≤,"",1,0
462,2022-08-22 13:55:07.294437,2022-08-22 15:56:00.002690,458926263,1428658405,10,–ó–∞ –ø–æ–¥–≥–æ—Ç–æ–≤–∫—É —Ç–µ–Ω–¥–µ—Ä–Ω–æ–π –¥–æ–∫—É–º–µ–Ω—Ç–∞—Ü–∏–∏,"",1,0
463,2022-08-22 21:08:06.294742,2022-08-22 23:09:00.002773,843059374,158228883,40,–ó–∞ —Å–ø–æ–∫–æ–π—Å—Ç–≤–∏–µ –∏ —á—É–≤—Å—Ç–≤–æ —É–≤–µ—Ä–µ–Ω–Ω–æ—Å—Ç–∏ –≤ —Ä–µ–∑—É–ª—å—Ç–∞—Ç–µ.,"",1,1
464,2022-08-22 21:08:52.862464,2022-08-22 23:09:00.241433,843059374,393389145,40,–ó–∞ –Ω–∞—Å—Ç–æ–π—á–∏–≤–æ—Å—Ç—å –∏ —Å–∏—Å—Ç–µ–º–Ω–æ—Å—Ç—å,"",1,0
465,2022-08-22 21:09:53.477664,2022-08-22 23:10:00.003370,843059374,1392974853,40,–ó–∞ –≤–∏–¥–∏–º—ã–π –ø–æ—Ç–µ–Ω—Ü–∏–∞–ª —Ä–æ—Å—Ç–∞ –∏ –Ω–µ–ø–æ—Å—Ä–µ–¥—Å—Ç–≤–µ–Ω–Ω–æ—Å—Ç—å.,"",1,0
466,2022-08-22 21:10:32.614950,2022-08-22 23:11:00.003490,843059374,1882444044,40,–ó–∞ –ø—Ä—É—â–∏–π –≤–æ –≤—Å–µ —Å—Ç–æ—Ä–æ–Ω—ã –æ–ø—Ç–∏–º–∏–∑–º,"",1,0
467,2022-08-22 21:11:08.278186,2022-08-22 23:12:00.003472,843059374,5291953238,40,–ó–∞ —Å–∞–º–æ—Å—Ç–æ—è—Ç–µ–ª—å–Ω–æ—Å—Ç—å –∏ —ç—Ñ—Ñ–µ–∫—Ç–∏–≤–Ω–æ—Å—Ç—å,"",1,0
468,2022-08-22 21:11:32.127904,2022-08-22 23:12:00.222201,843059374,437599716,40,–ó–∞ —Å–∫–æ—Ä–æ—Å—Ç—å –∏ –∫–∞—á–µ—Å—Ç–≤–æ —Ä–µ—à–µ–Ω–∏—è –ø—Ä–æ–±–ª–µ–º,"",1,0
469,2022-08-22 21:13:42.185490,2022-08-22 23:14:00.002758,843059374,705221157,30,–ó–∞ –≥–æ—Ç–æ–≤–Ω–æ—Å—Ç—å –∏ —Å–ø–æ—Å–æ–±–Ω–æ—Å—Ç—å –≤–æ –≤—Å–µ–º –ø–æ–º–æ—á—å.,"",1,1
470,2022-08-23 00:35:10.120209,2022-08-23 02:36:00.002739,1341062023,302337090,1,–ó–∞ –ø–æ–º–æ—â—å —Å –∑–∞—è–≤–∫–æ–π ,"",1,1
471,2022-08-23 05:24:57.548979,2022-08-23 07:25:00.002763,148785954,158228883,20,–ó–∞ –≤–æ–≤–ª–µ—á–µ–Ω–Ω–æ—Å—Ç—å,"",1,1
472,2022-08-23 05:24:57.767025,2022-08-23 07:25:00.220927,148785954,1341062023,50,"","",1,1
473,2022-08-23 05:25:32.897912,2022-08-23 07:26:00.003403,148785954,158228883,20,–ó–∞ –≤–æ–≤–ª–µ—á–µ–Ω–Ω–æ—Å—Ç—å,"",1,1
474,2022-08-23 05:25:33.090525,2022-08-23 07:26:00.183187,148785954,1882444044,50,–ó–∞ –≤–æ–≤–ª–µ—á–µ–Ω–Ω–æ—Å—Ç—å ,"",1,1
475,2022-08-23 05:25:59.736981,2022-08-23 07:26:00.278939,148785954,158228883,20,–ó–∞ –≤–æ–≤–ª–µ—á–µ–Ω–Ω–æ—Å—Ç—å,"",1,1
476,2022-08-23 05:25:59.926348,2022-08-23 07:26:00.365522,148785954,1717379535,30,–ó–∞ –∏–Ω—Ç–≥—Ä–∞—Ü–∏—é,"",1,1
477,2022-08-23 05:27:11.942670,2022-08-23 07:28:00.002687,148785954,158228883,20,–ó–∞ –≤–æ–≤–ª–µ—á–µ–Ω–Ω–æ—Å—Ç—å,"",1,1
478,2022-08-23 05:27:34.911683,2022-08-23 07:28:00.098474,148785954,158228883,20,–ó–∞ –≤–æ–≤–ª–µ—á–µ–Ω–Ω–æ—Å—Ç—å,"",1,1
479,2022-08-23 05:27:35.518056,2022-08-23 07:28:00.180199,148785954,443075293,25,–ó–≤ –≤–æ–≤—Ä–µ—á–µ–Ω–Ω–æ—Å—Ç—å,"",1,1
480,2022-08-23 12:28:58.880004,2022-08-23 14:29:00.002720,245130821,393389145,10,–∑–∞ –ø–æ–º–æ—â—å —Å –ø–æ—á—Ç–æ–π —Å–æ—Ç—Ä–¥—É–Ω–∏–∫–∞,"",1,0
